大会,予選,問題番号,問題,正解,補足
1,関東関西,1,後楽園球場と大阪球場の出場者の合計と標準米１ℓの米粒の数を比べると、米粒の方が多い。,○,
1,関東関西,2,全国の高校生が両手を広げて手をつなぎ、一直線に並ぶと、東京からサンフランシスコまで届く。,×,
1,関東関西,3,映画デビューの日を誕生日としているミッキーマウスは、日本の十二支でちょうど「ネズミ」年生まれである。,×,
1,関東関西,4,戦時中この後楽園球場のグラウンドはジャガイモ畑だったことがある。,○,
1,関東関西,5,夜空に輝く星座の中には、望遠鏡座はあるが顕微鏡座はない。,×,
1,関東関西,6,インゲン豆を日本に伝えたのは、隠元和尚ですが、ニンジンを伝えたのも、人参禅師というお坊さんである。,×,
1,関東関西,7,赤穂四十七士のうち「大石」という名字は3人いる。,○,
1,関東関西,8,ローマ神話のキューピットは男の神様である。,○,
1,関東関西,9,黄身が２つ入っているニワトリの卵からはもちろん双子のヒヨコがかえる。,×,
1,関東関西,10,百獣の王ライオンのオスを去勢するとたてがみがなくなる。,○,
1,関東関西,11,操縦室を意味するコックピット。もともとニワトリを闘わせる闘鶏場のことである。,○,
1,関東関西,12,マッチを発明したのはジェームス・マッチさんという人である。,×,
1,関東関西,13,「ガニ股」とはカニの股の形から生まれた言葉である。,○,
1,関東関西,14,アラビア数字を発明したのはアラビア人である。,×,
1,関東関西,15,乳ガンになるのは女だけである。,×,
1,関東関西,16,月面では昼間でも星が一面に光ってみえる。,○,
1,関東関西,17,お釈迦様は生涯独身だった。,×,
1,関東関西,18,NHKでもプロレス中継をやっていた。,○,
1,関東関西,19,明治時代アメリカ輸入した自動車は馬にとってかわる乗り物として「馬いらず」と呼ばれた。,×,
1,関東関西,20,尺取虫は成長すると尺取蛾になる。,○,
1,関東関西,21,戦国時代、金釘流という武術が本当にあった。,×,
1,関東関西,22,国宝は個人が所有してもよい。,○,
1,関東関西,23,大阪城と江戸城では、大阪城のほうが早く建てられた。,×,
1,関東関西,24,中華料理に欠かせないキクラゲは、コンブ、海藻の一種である。,×,
1,関東関西,25,女という漢字が体をなよなよさせている様子を表した象形文字からできたものである。,○,
1,関東関西,26,丸く花が開く打ち上げ花火は日本でしかつくっていない。,×,
1,関東関西,27,郵便ポストの色は世界共通で赤色になっている。,×,
1,関東関西,28,月食が起こっているとき、月面では日食が起こっている。,○,
1,関東関西,29,ニンニクはネギ科の植物である。,×,
1,関東関西,30,国鉄運賃大人310円の場合子供は160円である。,×,
1,関東関西,31,「なめくじ」は貝の一種である。,○,
1,関東関西,32,満月の明るさは、半月の明るさのちょうど2倍である。,×,
1,関東関西,33,フグは水の外ではふくれない。,×,
1,関東関西,34,ビデオテープをすかしてみると8ミリフィルムのように1コマ1コマうつっている。,×,
1,関東関西,35,東京六大学野球がはじまって以来、東大は一度も優勝したことがない。,○,
1,関東関西,36,日本にいるツバメは秋になると、シベリアにかえる。,×,
1,山陽四国,1,ここ四国とアメリカのハワイ州の総面積を比べると、四国の方が広い。,○,
1,山陽四国,2,夏目漱石は愛媛県の松山中学に教師として赴任したが、小説「坊っちゃん」はそこで書き上げられた。,×,
1,山陽四国,3,プロ野球のドラフト制度は中学生でも指名できる。,○,
1,山陽四国,5,ことわざの「一姫二太郎」とは、1人の女の子と2人の男の子を産むことである。,×,
1,山陽四国,6,現在、日本で使われている硬貨には、全て「日本国」と書いてありますが、紙幣に「日本国」と書いてあるものはひとつもない。,○,
1,山陽四国,7,桜のつぼみは開花日が近づくにつれて重くなる。,○,
1,山陽四国,8,四国には国立公園がひとつしかない。,×,
1,山陽四国,9,大みそかに欠かせない年越しソバ。花の色は、ソバと同じ黒っぽい色をしている。,×,
1,山陽四国,10,一昼夜をさす言葉を「四六時中」といいます。江戸時代にはこれを「二六時中」といった。,○,
1,山陽四国,11,牛乳と大根、100gあたりの水分を比べると、大根の方が多い。,○,
1,山陽四国,12,気象用語では、ヒョウとアラレはその大きさで区別するが、俳句の季語では、夏に降るものをヒョウ、冬に降るものをアラレという。,○,
1,山陽四国,13,昭和58年、振り替え休日は1日もない。,○,
1,山陽四国,14,手紙の封筒の裏側全面に文章を書いても違反にならない。,○,
1,山陽四国,15,「にぼし」はその名のとおり、一度似た魚を干してつくる。,○,
1,山陽四国,16,人間の骨には血管は通っていない。,×,
1,山陽四国,17,窒素は発見された当時「毒のある空気」と呼ばれていた。,○,
1,山陽四国,18,陸上競技のハードル。400mでも110mでもハードルの数は同じである。,○,
1,北陸,1,歴代の総理大臣の中で最も若くして総理の座に就いたのは初代の伊藤博文である。,○,
1,北陸,2,昭和のはじめ、新潟県出身の関脇に「コシヒカリ」という人がいた。,×,
1,北陸,3,国鉄のＡ寝台車を表わす記号は、カタカナで「ネ」と「ロ」つまり「ネロ」である。,×,
1,北陸,4,新潟県が生んだ国民的歌手三波春夫とライバルの村田英雄。昨年の長者番付で年収が多かったのは三波春夫のほうである。,×,
1,北陸,5,雨の日に着るカッパは、もともとポルトガル語である。,○,
1,北陸,6,「宇宙戦艦ヤマト」がイスカンダルから放射線除去装置を持ち帰ったのは西暦2200年である。,○,
1,中部,1,ここ尾張の生まれで書道の三蹟の一人小野道風は小野妹子の子孫である。,○,
1,中部,2,日本の民間ラジオのはじめての放送はここ名古屋からでした。さて、その第1日目にクイズ番組があった。,○,
1,中部,3,船の出航時刻は、ドラが鳴った時である。,×,
1,中部,4,1930年、誕生した世界初のスチュワーデスは全員看護婦だった。,○,
1,中部,5,松田聖子と山口百恵、ＬＰ、シングルあわせて、レコードの売り上げ枚数が多いのは、山口百恵である。,×,
1,中部,6,レーガン大統領を護衛しているシークレットサービスはＦＢＩの所属である。,×,
1,中部,7,豊臣秀吉、織田信長、徳川家康、この3人はいずれも現在の愛知県出身である。,○,
1,中部,8,ノーベル賞の授賞式はすべてオスロで行われる。,×,
1,中部,9,アメリカのアカデミー賞の最多受賞者はウォルト・ディズニーである。,○,
1,中部,10,日本には、国鉄が県庁所在地を通っていない県がある。,○,
1,中部,11,日本にいるツバメは、秋になるとシベリアに帰る。,×,
1,中部,12,歌舞伎に女形（おやま）がいるように、バレエにも初期の頃は女の役を男がやっていた。,○,
1,中部,13,アメリカから日本に手紙を出す時は、日本発行の切手でもよい。,×,
1,中部,14,ロダンのお墓の前には「考える人」の像がある。,○,
1,中部,15,トルコ石が最もよく採れる国はトルコである。,×,
1,中部,16,現在のニューヨークは18世紀にはニューロンドンと呼ばれていた。,×,
1,中部,17,サンフランシスコのゴールデンゲイト・ブリッジは、かつて金色に塗られたことからこう呼ばれるようになった。,×,
1,中部,18,国連児童救済基金のことをユネスコという。,×,
1,中部,19,「清水の舞台から飛び降りる」とよくいわれる清水寺。この”清水の舞台”では実際に能や狂言が行われたことがある。,○,
1,中部,20,哺乳類の中でオッパイを飲ませて子供を育てるオスもいる。,×,
1,中部,21,高校野球甲子園大会に出場する選手が締めるベルトは黒と決まっている。,○,
1,東北,1,君たちの夢をのせて高々と上がっているあのアドバルーンの高さは100m以上ある。,×,
1,東北,2,世界初の熱気球は紙でできていた。,○,
1,東北,3,芭蕉の「奥の細道」の旅は、江戸を出て江戸へ帰った。,×,
1,東北,4,お隣中国の子供たちも、日本と同じく、お正月にお年玉をもらう。,○,
1,東北,5,天気予報で大雨警報を出す時の雨量の基準は全国同じである。,×,
1,東北,6,電気ウナギは、自分の電気を使って障害物を探知することができる。,○,
1,東北,7,ニワトリの卵は、中でヒヨコが成長すると重くなる。,×,
1,東北,8,YMCAとYWCAの設立者は同じである。,×,
1,東北,9,海の深さは、潮が一番ひいた時に測ったものである。,○,
1,東北,10,超音速機コンコルドなどでおなじみの音速の単位マッハ、このマッハとは人の名前である。,○,
1,東北,11,踏み切りの遮断機の色は赤と白の紅白でもよい。,×,
1,東北,12,警察手帳の色は「チョコレート色」と定められている。,○,
1,九州,1,元日と大みそかが同じ曜日でないのは、うるう年だけである。,○,
1,九州,2,「窓の外をよくみてごらん、菅原道真公に丑の絵馬」さて問題。あの動物は菅原道真が生まれた年の干支にちなみ天満宮の象徴になった。,○,
1,九州,3,太宰府天満宮の本殿は、菅原道真のお墓の真上に建っている。,○,
1,九州,4,大宰府の電話帳によれば、菅原道真と同姓同名の人がいる。,×,
1,九州,5,キリンは、子供を産むとき、いちいちしゃがまないので、子供は文字通り”産み落とされる”。,○,
1,九州,6,日本人形の代表ともいわれる博多人形、実は外国人をモデルにした人形もある。,○,
1,九州,7,落語で前置きのことを枕というが、本題のことはふとんという。,×,
1,九州,8,屋久島にある屋久杉というのは樹齢1000年以上たった杉のことをいう。,○,
1,九州,9,ノーベル賞の創始者ノーベルは、第1回目の授賞式で、自らノーベル賞を手渡している。,×,
1,北海道,1,あのクラーク博士は、当時札幌の農学校に、”girl”つまり女生徒が1人もいなかったため”ボーイズビーアンビシャス”「少年よ大志を抱け」といった。,○,
1,北海道,2,北海道のシンボルマーク「道章」は雪の結晶をデザインしたものである。,×,
1,北海道,3,太陽系の惑星の中には、1年より、1日のほうが長い星がある。,○,
1,北海道,4,”落ちる”という万有引力の法則を発見したニュートンの家には、リンゴの木はなかった。,×,
1,北海道,5,「少年世大志を抱け」の名言を残したクラーク博士は、アメリカの南北戦争で戦った。,○,
1,九州敗復,1,九州と北海道では、北海道のほうが海岸線は長い。,×,
1,九州敗復,2,ラジオのスポーツ中継で最初に放送されたのは現在の高校野球。つまり当時の「全国中等学校野球大会」である。,○,
1,九州敗復,3,九州で真夏日の記録はあるが真冬日の記録はない。,×,
1,九州敗復,4,世界中の国旗の中には裏表、デザインの違うものがある。,○,
1,九州敗復,5,星の土地の所有権は最初にその星に到達した国にある。,×,
1,九州敗復,6,日本で「小説」という言葉を最初に使ったのは「小説神髄」を書いた坪内逍遥である。,○,
1,九州敗復,7,アルファベットという言葉は、アルファとベータのふたつから生まれた言葉である。,○,
1,九州敗復,8,万国博覧会は、必ず4年に1度開催される。,×,
1,九州敗復,9,日本で輸入が一番多いのは原油である。,○,
1,九州敗復,10,逆立ちしたままの状態では水を飲めない。,×,
1,九州敗復,11,マスクメロンの網目、実は、あれは、ひび割れである。,○,
1,九州敗復,12,夜空に輝く88の星座に動物の名はあるが、植物の名はない。,○,
1,九州敗復,13,中国では、おととしのことを「前年」つまり前の年と書く。,○,
1,九州敗復,14,月にウサギがいるという伝説は、日本独特のものである。,×,
1,九州敗復,15,日本で参議院議員に立候補できるのは満30歳だがアメリカ大統領に立候補できるのも同じ満30歳である。,×,
1,九州敗復,16,イギリスとフランスが戦った100年戦争。イギリス本土が戦場になったことはない。,○,
2,近畿北陸,1,大阪城の石垣で最大の石「蛸石」とエジプト、クフ王のピラミッドに使われている最大の石とでは、大阪城の蛸石の方が重い。,○,
2,近畿北陸,2,現在、高校在学中でレコード、デビューしているタレントの出身地は東日本より、西日本の方が多い。,×,
2,近畿北陸,3,芥川賞を、高校生は受賞することはできない。,×,
2,近畿北陸,4,松田聖子、中森明菜、小泉今日子、早見優、この4人のアイドル歌手の体重をたしてもハワイ出身の小錦関の体重にはかなわない。,○,
2,近畿北陸,5,大阪城の天守閣には、秀吉専用のベッドがあった。,○,
2,近畿北陸,6,若い人に人気のマリンスポーツ、サーフィンのサーフとは、寄せる波のことである。,○,
2,九州,1,北の北海道と南の九州。夏の間、日の出から日の入りまで、太陽の出ている時間が長いのは九州の方である。,×,
2,九州,2,西郷隆盛の小さい時の名前は小吉（こきち）ですが、お父さんの名前は大吉である。,×,
2,九州,3,日本の郵便ポストに最初に塗られた色は黒だった。,○,
2,九州,4,タイヤを発明したのは、ダンロップさんという人である。,○,
2,九州,5,気象衛星「ひまわり」は、夜、地球の写真を撮る時はフラッシュをたく。,×,
2,九州,6,１１７で親しまれている電話の時報サービスは、時の記念日にはじめられた。,○,
2,九州,7,横綱の土俵入り「太刀持ち」は「露払い」より番付が上でなくてはならない。,○,
2,九州,2回戦,九州と本州を結ぶ国鉄在来線の関門トンネル、上りと下りでは、上りのトンネルの方が長い。,×,
2,九州,2回戦,渡り鳥の中には、北極圏から南極圏へ飛ぶ渡り鳥もいる。,○,
2,九州,2回戦,アメリカ・スペースシャトル内で使う時刻はグリニッジ標準時である。,○,
2,九州,2回戦,ジャンボジェット機の免許証があれば、セスナ機も操縦することもできる。,×,
2,九州,2回戦,南極でも、ほかの国の基地へ行くにはパスポートが必要である。,×,
2,九州,2回戦,ベートーベンはメトロノームでリズムを取りながら第9を作曲した。,×,
2,九州,2回戦,台風は、台風の中心が陸に達してはじめて「上陸した」といわれる。,○,
2,九州,2回戦,プラグは英語ですが、コンセントは日本語である。,○,
2,九州,2回戦,児童福祉法では、女の子も18歳未満であれば少年である。,○,
2,中国,1,宮島の厳島神社のあの、大鳥居は国宝ではない。,○,
2,中国,2,宮島の干潟は、国土地理院の地図によると、大鳥居までを陸地としている。,×,
2,中国,3,船の汽笛が伝わる速さ、冬と夏とでは夏の方が速く伝わる。,○,
2,中国,4,リンゴにはニュートンという品種がある。,○,
2,中国,5,警察手帳には、持ち主の氏名、階級、写真などが載っているが、指紋も押されている。,○,
2,中国,6,ゲンジボタル、ヘイケボタルのように、ゲンジガニ、ヘイケガニというカニもいる。,×,
2,関東,1,世界のスーパースター、マイケル・ジャクソンのヒット曲を片面45分間ジャスト録音したカセットテープ、西武球場のホームベースから一直線に延ばすと、そのテープは、スコアボードの上を越える。,×,
2,関東,2,日本人の苗字で多いのは、鈴木、佐藤、田中の順と言われていますが、ここ西武球場に参加した高校生4万人の中で、一番多かった苗字もやはり「鈴木」である。,○,
2,関東,3,世界で学生の数が一番多い大学は日本の日本大学である。,×,
2,関東,4,オリンピックの陸上競技、靴をはいても、はだしでもかまわないが片方だけ靴をはいて競技するのは違反である。,×,
2,関東,5,小笠原諸島の聟島（むこじま）と嫁島のそばには二つの島を見守るようになこうど島がある。,○,
2,関東,6,福沢諭吉、彼の書いた「学問のすすめ」には、1万円札の先輩、聖徳太子のことも書いてある。,×,
2,関東,7,高校生に人気のサザンオールスターズとアルフィーのメンバー、平均年齢が上なのはアルフィーの方である。,○,
2,関東,8,クラゲはプランクトンの仲間である。,○,
2,関東,9,夏の風物詩「花火」は、英語で「フラワーファイヤー」という。,×,
2,関東,10,コペンハーゲンの人形姫。上は人間、下は魚の人魚ですが、この人魚姫の銅像には、「おへそ」がある。,○,
2,関東,11,懐中電灯の乾電池、同じ条件で使った場合、真夏日と真冬日では真夏日の方が長持ちする。,○,
2,関東,12,国鉄には、同じ駅から同じ時間に出発し、同じ目的地へ向かう列車もある。,○,
2,関東,13,計りの上のコップの水、指を入れても重さは変わらない。,×,
2,関東,14,俗に、「烏合の衆」といいますが、カラスの群にはちゃんとリーダーがいる。,×,
2,関東,15,マンモスタンカーより大きなタンカーをモンスタータンカーと呼ぶ。,×,
2,関東,16,「私はのろまなカメです」で、一躍流行語にもなったカメ。雄と雌はしっぽで見分ける。,○,
2,東北,1,日本には、文化庁の定めた「夏祭りの日」という記念日がある。,×,
2,東北,2,日本で一番たくさんとれるお米の銘柄はササニシキである。,×,
2,東北,3,金魚は水道が高くなるほど水中の酸素を多く吸収する。,○,
2,東北,4,気象用語で気圧の谷の反対を気圧の峰という。,○,
2,東北,5,郵便番号は現在「001」から「999」までのすべての番号が使われている。,×,
2,東北,6,渡り鳥が渡りの時期を知るのは、気温によってである。,×,
2,東北,7,月食が左から欠けるように日食も左から欠ける。,×,
2,東北,8,ウォルト・ディズニーが一番最初に創り出したキャラクターは、世界的アイドル「ミッキーマウス」である。,×,
2,北海道,1,美しく雄大な自然を持つ北海道の面積と、あのアルプスを頂くスイスの国の面積を比較すると、スイスの方が広い。,×,
2,北海道,2,牛乳の栄養素ビタミンＡは、夏より冬の方が多い。,×,
2,北海道,3,日本の畑で最も多くとれる野菜はジャガイモである。,○,
2,北海道,4,大学の医学部を卒業していなければ絶対に医者になることはできない。,○,
2,北海道,5,磁石を熱すると磁力は強くなる。,×,
2,北海道,6,細川たかしの民謡のお師匠さんは三波春夫である。,×,
2,四国,1,アメリカに行くには、もちろんパスポートが必要ですが、このパスポートを日本で一番はじめに取った人は、あの、伊藤博文である。,×,
2,四国,2,豪華客船クイーン・エリザベス2世号の救命ボートには万が一遭難しても飢えないように魚を釣るための釣り道具が備えつけられている。,○,
2,四国,3,スズメの親鳥は自分の産んだ卵を見分ける時、臭いで判断する。,×,
2,四国,4,固体から気体になるドライアイス。つくるときは気体を集めて固体にする。,×,
2,四国,5,日本とアメリカがはじめて結んだ日米和親条約の原文は、日本語では書かれていない。,×,
2,四国,6,0歳の赤ちゃんでも銭湯に行くとおふろ代を取られる。,○,
2,四国,7,エビの中には、大正エビの他、明治エビ、昭和エビというのも、ちゃんといる。,×,
2,四国,8,オジサンという魚はいるがオバサンという魚もいる。,×,
2,四国,9,日本で最初に発行されたハガキは文章を盗み読みされないように２つ折りになっていた。,○,
2,四国,10,映画のアカデミー賞をもらうためには、映画の都、ハリウッドのあるロサンゼルスで公開されなければならない。,○,
2,四国,11,ミツ蜂のオスはすべて働きバチである。,×,
2,中部,1,日本の高校5137校のうち、学校名に赤、青、白など色の字が入った高校は数多くありますが、その中で最も多く使われている色は「白」である。,○,
2,中部,2,琵琶湖と佐渡島。面積が広いのは琵琶湖の方である。,×,
2,中部,3,ここ尾張、三河で生まれた織田信長、豊臣秀吉、徳川家康のうち、名古屋城の城主になった者は一人もいない。,○,
2,中部,4,ロンドン名物、あのビッグベンはベンさんが作った。,○,
2,中部,5,オーストラリア大陸と日本、両方の海岸線の長さを比べると、オーストラリアの海岸線の方が長い。,○,
2,中部,6,南極のペンギンは泳ぐ時、後ろ足で「バタ足」をしている。,×,
2,中部,7,「アクロバット」という言葉は、コウモリがクロスして飛ぶさまから生まれた言葉である。,×,
2,中部,8,海ガメと同じようにカニも砂の中に卵を生む。,×,
2,中部,9,スペインではオレンジのことを、たくさんなっても「ナランハ」という。,○,
2,中部,10,私たちがよく食べている木の実、アーモンドは種である。,○,
2,中部,11,日本には村のない都道府県はない。,×,
2,中部,12,料理に使われるシュンギクには花が咲かない。,×,
2,中部,13,警察電話の110番は1月10日から開始されたので、110番になった。,×,
3,九州,1,九州が生んだ郷土の二大ヒーロー、福沢諭吉と西郷隆盛。福沢諭吉は新札の肖像となりましたが、西郷どんも大正時代お札の肖像になっている。,×,
3,九州,2,さて、その西郷隆盛と福沢諭吉は「丑年」に生まれ、「丑年」に亡くなっている。,×,
3,九州,3,何でもいいなりになる人を英語でイエスマンという。,○,
3,九州,4,芥川賞を兄弟で受賞したものはいるが、親子はいない。,○,
3,九州,5,プロのテニスプレーヤーで、今まで最も多くの賞金を獲得したのは、ジョン・マッケンローである。,×,
3,九州,6,海抜8000ｍの高い山はすべてアジア大陸にある。,○,
3,九州,7,水分を抜いて乾燥させた「こんにゃく」も再び水に入れるともとどおりになる。,×,
3,九州,8,空に見える星座には、神話がつきものですが、ギリシャ神話では大熊座は小熊座のお父さんである。,×,
3,九州,9,世界には四角形以外に、三角形、八角形の切手はあるが、丸い切手も作られている。,○,
3,九州,10,マンホールとは、人が出入りする穴という意味である。,○,
3,九州,11,地球は、北極の真上からみると時計の針と同じように右まわりで回っている。,×,
3,九州,12,共和国や連邦とつく国は世界中にたくさんありますが、合衆国と呼ばれるのはアメリカだけである。,×,
3,九州,13,ナイルワニ、ミシシッピーワニがいるように、中国の揚子江には、揚子江ワニというワニがいる。,○,
3,九州,14,お正月にやる「小倉百人一首」の中に、清少納言の和歌はあるが紫式部のものはない。,×,
3,九州,15,現在、世界に女性の首相はいても女性の大統領はいない。,×,
3,九州,16,地球上で最大の哺乳類、シロナガスクジラも盲腸炎になる。,○,
3,九州,17,日本の警察犬には日本犬は使用されない。,○,
3,近畿,1,天下統一を果たした秀吉、その秀吉の建てた大阪の天守閣の高さと、万博のシンボル「太陽の塔」との高さでは大阪城の天守閣の方が高い。,×,
3,近畿,2,豊臣秀吉は、みんなが目指す東京、つまり、江戸へ行ったことがある。,○,
3,近畿,3,国土の広いアメリカやソビエトにはいくつもの標準時がありますが、中国には標準時がひとつしかない。,○,
3,近畿,4,ディズニー映画の主人公で空とぶゾウのダンボ、母親の名はジャンボである。,○,
3,近畿,5,地震の震度を決める担当者は全国どこでも建物の一階で待機している。,×,
3,近畿,6,カニはよく泡を吹くが、天敵出会って驚いたりすると、水中でも泡を吹く。,×,
3,近畿,7,42.195kmを走るマラソンのスタートの合図は、全員そろうと短距離走と同じように「用意」というかけ声をかける。,×,
3,近畿,8,赤いリンゴと青いリンゴを密封した箱に一緒に入れておくと、青いリンゴも赤くなる。,×,
3,近畿,9,ジグソーパズルのジグソーの意味は糸のこぎりのことである。,○,
3,近畿,10,クジラの中にはニタリクジラというものがいますが、このクジラは笑ったような顔をしているところからその名がつけられた。,×,
3,近畿,11,匂いを嗅ぐ時、鼻の一方をふさいで嗅いでも、2つの穴で嗅いでも、能力は同じである。,×,
3,近畿,12,現在「大阪」の「大」は「大きい」と書くが、その昔「小さい」という字で「おおさか」と呼ばれたことがある。,○,
3,近畿,13,日本には天皇誕生日という祝日があるが、アメリカにも初代大統領ワシントンの誕生日という祝日がある。,○,
3,近畿,14,波の荒い磯にすむサザエほど、転がらないようにそのトゲは長い。,○,
3,北陸,1,ここ北陸ブロックのヒーローに、新潟県出身、あの16文キックのジャイアント馬場がいます。今、君達の前にある足型は16文を何倍かにしたものですが、もしこの足型と同じ倍率のジャイアント馬場がいるとすれば、その背の丈は黒部第四ダムの高さをこえる。,○,
3,北陸,2,家庭に来ている電気はすべて交流ですが、ここ黒部第四ダムの発電所でおこす電気は直流である。,×,
3,北陸,3,冬になるとわが国にもたくさんの渡り鳥がやってきますが、いくら飛んでも国境を越えなければ渡り鳥とは呼ばない。,×,
3,北陸,4,42.195kmを走るマラソンのスタートの合図は、全員そろうと短距離走と同じように「用意」というかけ声をかける。,×,
3,北陸,5,日本には天皇誕生日という祝日があるが、アメリカにも初代大統領、ワシントンの誕生日という祝日がある。,○,
3,北陸,6,モールス信号を発明したモールスは船員だった。,×,
3,北陸,7,匂いを嗅ぐ時、鼻の一方をふさいで嗅いでも、2つの穴で嗅いでも、能力は同じである。,×,
3,東北,1,雨にもまけず、風にもまけず、苦難を避けず直進せよ。われらの前途は迷える世界、ああ全くたれが賢く、たれが賢くないかはわかりません。全国にある宮沢賢治の石碑27ケ所に使われている碑文の中から文節を選び出し並べかえると上の文章が出来る。,×,
3,東北,2,景色のいい所を名勝といいますが、名勝の指定は景色が悪くなると名勝と呼ばなくなる。,○,
3,東北,3,新しいお札や切手を印刷している大蔵省印刷局は、年明けにあるもう一つの難関、共通一次試験の問題も印刷している。,○,
3,東北,4,水道の水と蒸留水、電気をよく伝えるのは蒸留水の方である。,×,
3,東北,5,ガラスの靴でおなじみの「シンデレラ」、そのシンデレラとは「午前０時の人」という意味である。,×,
3,東北,6,あらゆる国語辞典で、一番項目数が多いのは、カ行である。,○,
3,中国,1,昭和59年プロ野球日本一に輝いた広島東洋カープの古葉監督は球団のシンボルである鯉を自宅の池に飼っている。,×,
3,中国,2,日本の文化勲章は日本人だけしか贈られない。,×,
3,中国,3,ネコの中には天然記念物に指定されているものがいるが、犬で天然記念物の指定を受けているものはない。,×,
3,中国,4,柔道に一本背負いがあるように相撲にも一本背負いという技がある。,○,
3,中国,5,長い面を馬面というが、短い面は猫面という。,○,
3,中国,6,算用数字、俗にアラビア数字と呼ばれる数字はもともと、アラビア人が考え出したものである。,×,
3,中国,7,あの大作曲家のシューベルトは、天使の歌声で知られるウィーン合唱団に所属していた。,○,
3,中国,8,日本で冬に見える星座に「うさぎ座」と「カメ座」がある。,×,
3,中国,9,指紋に対して、足の裏についている模様を足の紋、つまり足紋という。,○,
3,中国,10,エビが脱皮するように、カニも脱皮する。,○,
3,中国,11,緊急の時に回すダイヤル110番と119番。先に統一されたのは110番の方である。,×,
3,四国,1,あの瀬戸大橋を吊る一番太いケーブルの円周と、四国が生んだ相撲界の人気者、朝潮太郎の胴回りでは、朝潮の胴まわりのほうが大きい。,×,
3,四国,2,ノーベル文学賞を受賞した、作家の川端康成は芥川賞も直木賞も、もらっていない。,○,
3,四国,3,ひと回り小さくなった新１万円札10000枚と１円玉1000枚では、１円玉1000枚の方が重い。,×,
3,四国,4,日本に初めて輸入された「熱帯魚」はエンゼル・フィッシュであった。,×,
3,四国,5,星座には「白鳥座」はあるが、「カラス座」はない。,×,
3,四国,6,プロ野球の試合に審判が遅れた場合、選手が審判になることができる。,○,
3,四国,7,皆さんがよく使う図書券を世界で最初に発行したのは、数々のロングセラーを書いたシェークスピアのふるさとイギリスである。,○,
3,四国,8,漢字で海の馬と書くタツノオトシゴは英語ではシーホースと言いますが、海の星と書くヒトデはシースターという。,×,
3,四国,9,赤川次郎原作の映画でヒロインとなった薬師丸ひろ子、原田知世、渡辺典子の血液型は3人共同じである。,○,
3,四国,10,幼稚園は義務教育でないので、授業日数は決められていない。,×,
3,四国,11,デコレーションケーキは和製英語ですが、バースデーケーキも和製英語である。,×,
3,四国,12,日本とアメリカを結ぶ国際電話は海底ケーブルより通信衛星を多く使っている。,○,
3,四国,13,みかんの汁で字や絵を書き、火であぶる「あぶり出し」。同じ事をリンゴの汁でやると紙には何もでてこない。,×,
3,四国,14,エレキテルの復元や寒暖計を発明した香川県生まれの天才科学者、平賀源内は小説も書いた。,○,
3,四国,15,走り幅跳びの公認記録を量る巻尺。日本では金属製と決められている。,○,
3,四国,16,毒ヘビの毒を出す歯は、すべて上あごにある。,○,
3,四国,17,トルストイの書いた「戦争と平和」は彼がロシアにせめ込んだナポレオン1世の軍隊と戦った体験をもとにして書かれた作品である。,×,
3,四国,18,ブルドッグの「ブル」はこの犬が歩くと顔の肉がブルブル動くことからその名がついた。,×,
3,四国,19,ディズニー映画の主人公で空とぶゾウのダンボ、母親の名はジャンボである。,○,
3,四国,20,”母の日”はアメリカで始まった行事ですが、”父の日”は、母の日にならって日本で始まった行事である。,×,
3,中部,1,昭和59年、名古屋に贈られてきたコアラの故郷、オーストラリアではほとんどのコインに動物が描かれていますが、その中には、コアラをデザインしたコインはない。,×,
3,中部,2,今、みんなが手にしている「風船」は、俳句でいうと「冬」の季語である。,×,
3,中部,3,光の三原色、赤、青、緑のうち同じ分量の赤と緑をまぜ合わせてできるのは黄色である。,○,
3,中部,4,子供の日と敬老の日、先に制定されたのは敬老の日である。,×,
3,中部,5,アメリカのレーガン大統領とソビエトのチェルネンコ書記長は同じ年の生まれである。,○,
3,中部,6,同じ車両数の新幹線ひかり号とこだま号。東京―新大阪間で電気代がかかるのはひかり号である。,×,
3,中部,7,英語でブラック・シー「黒海」という海はありますが、ホワイト・シー「白海」という海もある。,○,
3,中部,8,火事にあうと亀は甲羅を脱ぎすてて逃げる。,×,
3,中部,9,今では、子供のおもちゃになっているケン玉。もともとはヌンチャクと同じような武器だった。,×,
3,中部,10,木の上で生活するコアラ、実は泳げない。,×,
3,中部,11,人間の心臓が動いている時、心臓には「電流」が流れている。,○,
3,中部,12,日本のプロ野球史上、年間50本のホームランを打ったのは王選手だけである。,×,
3,中部,13,共同募金の赤い羽根はアメリカ・インディアンが勇者の証として頭につけたことに由来する。,○,
3,中部,14,ドイツで始まったユースホステル。現在その数が一番多いのはアメリカである。,×,
3,中部,15,大相撲で同時に2人が横綱になった時、先の代の横綱になれるのは年上の人である。,×,
3,中部,16,野球選手の背番号、高校野球の全国大会では1番から15番までと決められてますが、プロ野球には数字の制限はない。,○,
3,中部,17,今では修学旅行などで歌われる歌に「高校三年生」がありますが、この歌を歌った舟木一夫がデビューした時、本当に高校3年生だった。,×,
3,中部,18,（欠　　以下関東・北海道まで欠　　問題確認しとく）,×,
4,東北,1,小岩井農場は、力を合わせた3人の頭文字から、その名を小岩井としましたが、ことわざ「3人寄れば文殊の知恵」の3人とは、孔子、孟子、荀子のことである。,×,
4,東北,2,高校を卒業していなくても大学生になれますが、逆に、一度大学を卒業した者は、高校生にはなれない。,×,
4,東北,3,日本のアイバンクには、近視の人は登録出来ますが、老眼の人は登録出来ない。,×,
4,東北,4,日本の元号には、亀のついたものはあるが、鶴のついたものはない。,○,
4,東北,5,日本では、冬の初めに南にわたる渡り鳥を「夏鳥」という。,○,
4,東北,6,同じ量の木綿豆腐とおから。カロリーが低いのはおからの方である。,×,
4,東北,7,年に2回お米を作る事を「二期作」といいますが、年に1回だけお米を作ることは、「一期作」という。,○,
4,東北,8,急所を指摘されることを「図星を指される」といいますが、この図星の星は北極星のことである。,×,
4,東北,9,トラはひげにもしまがある。,×,
4,東北,10,ダイヤモンドは電気をまったく通さない絶縁体である。,○,
4,東北,11,小岩井農場にはたくさんの牛がいますが、もともと牛のもも肉をさす名前だった。,×,
4,東北,12,青函トンネルは全長の半分以上が海の下を通っている。,×,
4,東北,13,サツマイモも、ジャガイモと同じナス科の植物である。,×,
4,東北,14,学校の試験でもらうのはアカテン（赤点）ですが、イタチ科の動物テンの仲間には、アカテンという種類がいる。,×,
4,北陸,1,石川県といえば加賀百万石ですが、その藩主前田利家は、幼名を犬千代といい、生れもその名のとおり戌年である。,○,
4,北陸,2,富山県の県の鳥は、特別天然記念物の雷鳥ですが、雷鳥のことを英語でサンダーバードという。,×,
4,北陸,3,新潟県は米どころとして有名ですが、大相撲で「米びつ」といえば、その部屋で一番多くご飯を食べる力士のことである。,×,
4,北陸,4,福井県は、ここ北陸ブロック4県の中で一番最初に国鉄が開通した県である。,○,
4,北陸,5,決着をつけることを「けりをつける」といいますが、この「けり」とはもともと、「けっとばす」という意味である。,×,
4,北陸,6,フレミングの右手・左手の法則は有名ですが、実はフレミングの右足・左足の法則というのもある。,×,
4,北陸,7,稲妻の光が地面に届くと、光は性質上また雲に向かって登っていく。,○,
4,北陸,8,ウサギは敵から死に物狂いで逃げる時、空気抵抗を少なくするため、耳を後ろに倒す習性がある。,×,
4,北陸,9,顔の両側にあるコメカミは、お米をかむ時動くところから、コメカミという。,○,
4,北陸,10,「ベル」と「ブザー」の構造は、まったく同じである。,×,
4,北陸,11,俳句で「蝶」は春の季語ですが、「蛾」は夏の季語である。,○,
4,北陸,12,現在使われている世界の国旗の中で、1色だけの国旗はない。,×,
4,北陸,13,現在製造されている50円玉、100円玉、500円玉はすべて同じ金属成分からできている。,○,
4,北陸,14,日本の道路交通標識には、「警笛を鳴らせ」という標識がありますが、その逆の、「警笛を鳴らすな」という標識もある。,×,
4,北陸,15,アフリカで一番高い山「キリマンジャロ」に万年雪はあるが、「氷河」はない。,×,
4,北陸,16,神社の入口などに、よく狛犬の置物がありますが、実際の犬の種類には「コマイヌ」はいない。,○,
4,中国,1,ZIGZAGは日本語で「つづらおり」。この「つづらおり」という言葉は、ここ中国ブロックにゆかりのある平家の栄枯盛衰を表した「平家物語」とあの「源氏物語」の両方の物語に出てくる言葉である。,×,
4,中国,2,日本でノーベル賞を受賞した人はすべて文化勲章ももらっている。,×,
4,中国,3,山羊はあごひげがはえるが、ひつじははえない。,○,
4,中国,4,ハリネズミは、生れたばかりの時から、すでに体にハリがはえている。,○,
4,中国,5,広島出身の吉川晃二が高校時代やっていた水球。英語では、ウォーター・シュートという。,×,
4,中国,6,日本の銀行の中で、最も資本金が多いのは日本銀行である。,×,
4,中国,7,英語で「弱み」をウィークポイントというのに対して、「強み」をストロングポイントという。,○,
4,中国,8,チャームポイントのたとえに「濡れた唇」という表現がありますが、人間の唇は汗をかかない。,○,
4,中国,9,鋭いキバをもつ百獣の王ライオンは、食後ツメで歯を磨く。,×,
4,中国,10,網を張ってエサを取るクモ。このクモを中性洗剤で洗うとすべって巣の上を歩けなくなる。,○,
4,中国,11,純粋な砂糖は燃えるが、純粋な塩は燃えない。,○,
4,中国,12,「二の足を踏む」という言葉がありますが、この「二の足を踏む」とは、無駄をしてしまったという意味である。,×,
4,中国,13,人種によって目の色が違うように、鳥も種類やオス、メスによって目の色が違う。,○,
4,中国,14,吹いても吸っても音の出る楽器はハーモニカだけである。,×,
4,関東,1,全国の高校5736校のうち、高校名の最後で「東」、「西」、「南」、「北」いずれかの呼び方をする高校が604校あります。この高校を多い順に並べると「東西南北」の順になる。,○,
4,関東,2,1860年、君たちと同じアメリカ西海岸をめざし、日本の船として初めて太平洋を横断したのは咸臨丸。さて、現在の100m自由形高校日本一が、アメリカ西海岸まで一気に泳いで渡ったとすると、その咸臨丸の航海日数よりも早く着く。,×,
4,関東,3,夏の味覚スイカをＳ、M、Lなどのランクに分けるときは、スイカの直径で決める。,×,
4,関東,4,7月25日今日、日本の最も東にある高校から日の出と同時に音速で並ぶと、最も西にある高校で再び日の出を見ることが出来る。,×,
4,関東,5,消防士を英語で「ファイヤーマン」といいますが、電線の工事をする人は「ワイヤーマン」という。,○,
4,関東,6,日本の歴代総理大臣のうち、お札と切手の両方の肖像になった人はいない。,×,
4,関東,7,野球のボールを真上に投げ上げた時の速度と落ちる時の速度では、落ちる時の速度の方が速い。,×,
4,関東,8,金を熱すると液体になるが、液体になった金をさらに熱すると気体になる。,○,
4,関東,9,「ろくでなし」より役に立たない人のことを「ななでなし」という。,×,
4,関東,10,アラビア数字に０はあるが、ローマ数字に０はない。,○,
4,関東,11,カタツムリの赤ちゃんは、生れた時からすでに自分のカラを持っている。,○,
4,関東,12,フワフワと海に浮いているクラゲに筋肉はない。,×,
4,関東,13,雷が多い年は、豊作といわれますが、雷が2度続けて同じ場所に落ちることはない。,×,
4,関東,14,キノコとは木から生れた「木の子供」という意味である。,○,
4,関東,15,バイオリン製作の黄金時代を築き、音楽史にその名を残しているストラディパリは、ギターも作った。,○,
4,九州,1,虎退治で有名な加藤清正の幼名は虎之助。その長男は虎之助の「虎」に熊本の「熊」と書いて「虎熊」といった。,○,
4,九州,2,すばやく記録をとる速記には、標準語のほか関西弁や九州弁を記録する方言速記がある。,×,
4,九州,3,帆立貝は片方の殻を舟にし、もう片方の殻を帆にして海の中を移動する。,×,
4,九州,4,1年中ほとんど温度変化のない井戸水、北海道と九州では、やはり九州の井戸水の方が温度は高い。,○,
4,九州,5,働く人たちの人口、つまり労働力人口の中には、アルバイトをしている大学生も含む。,○,
4,九州,6,小野妹子はもちろん男性ですが、藤原鎌足もはじめは鎌子といった。,○,
4,九州,7,日本で最初に国際電話が開通したのは、みんなのめざす東京―アメリカ間である。,×,
4,九州,8,生れたばかりの赤ちゃんでも、5年間有効のパスポートを単独でとることが出来る。,○,
4,九州,9,「長崎は今日も雨だった」という歌がありますが、1時間あたりの降水量、日本一の記録はやはり長崎県にある。,×,
4,九州,10,お札など紙にすき込んだすかし模様のことをアメリカでは「マジックマーク」という。,×,
4,近畿,1,1985年ユニバーシアード神戸大会は、史上最大級の規模で行われます。さて、1957年のパリ大会からこれまで、22回の大会（冬に開催された大会も含む）で日本が最も多く金銀銅メダルを獲得したのは、日本のお家芸「体操」である。,×,
4,近畿,2,近代オリンピックの創始者「クーベルタン」は、自分自身もオリンピック競技に出場した。,×,
4,近畿,3,陸上競技大会で、強い追い風が吹くと、走り幅跳びの記録は未公認となりますが、やり投げの記録は公認記録である。,○,
4,近畿,4,人間の身体で脳と心臓では、脳の方がカロリーを多く消費する。,○,
4,近畿,5,同じ量の黒砂糖と氷砂糖、カロリーの高いのは黒砂糖の方である。,×,
4,近畿,6,明治時代、日本ではじめて発行された切手は、和紙で出来ていた。,○,
4,近畿,7,ジェット気流よりも速い空気の流れをマッハ気流という。,×,
4,近畿,8,音の伝わる速さ、つまり音速は塩を含む海水よりも、含まない淡水の方が速い。,×,
4,近畿,9,サミット。先進７ヵ国の中で、野生のサルが生息するのは日本だけである。,○,
4,近畿,10,大相撲の公式な決まり手に「首投げ」「腰投げ」はあるが、「足投げ」はない。,○,
4,近畿,11,プロ野球の選手が、ゲーム中審判に悪口をいうともろともちろん退場ですが、観客に悪口をいっても退場になる。,○,
4,近畿,12,日本の歴史上「大閣」と呼ばれたのは豊臣秀吉、唯一人である。,×,
4,近畿,13,人間の血を吸う蚊は、自分自身の血液も持っている。,○,
4,近畿,14,金属には、電気を通さないものもある。,×,
4,近畿,15,ライオンの歯も人間と同じように、乳歯から永久歯へとはえ替わる。,○,
4,近畿,16,夏になると気になる水虫は、ツメには出来ない。,×,
4,近畿,17,鳥は人間と違って、いくら暑くても、まったく汗をかかない。,○,
4,四国,1,全国489万人の高校生の数と、香川、高知、徳島、愛媛、四国4県の人口を合計した数を比べると、その数はやはり四国4県の方が多い。,×,
4,四国,2,日本の国の蝶オオムラサキの幼虫をコムラサキという。,×,
4,四国,3,ウミガメは外敵におそわれても普通のカメと違って手足を甲羅の中に入れることが出来ない。,○,
4,四国,4,風の方向を示す方位で基準となっているのは東と西である。,×,
4,四国,5,一足の靴を英語でシューズというように、スリッパも一足の場合はスリッパーズとなる。,○,
4,四国,6,世界初の動力飛行に成功したあのライト兄弟はその後、航空機を作る会社を設立した。,○,
4,四国,7,「ノミ」は、生涯、血液以外のものは口にしない。,×,
4,四国,8,囲碁で使う碁盤は、真四角と決められている。,×,
4,四国,9,軟式テニスを考え出したのは日本人ですが、ソフトボールもやっぱり日本人である。,×,
4,四国,10,未成年者の結婚には親の同意が必要ですが、再婚の場合は、未成年者でも、本人の意思だけで結婚できる。,○,
4,四国,11,電話機のプッシュホンとは世界共通の名前である。,×,
4,四国,12,レコードは全世界共通右まわりと決められている。,○,
4,四国,13,NTTで発行している電話カードの正式名称は、オレンジカードという。,×,
4,四国,14,「何んだかんだ」という言葉があります。さて、仏教の神様には「ナンダ」という神様はいますが「カンダ」という神様もいる。,×,
4,四国,15,タクアン漬は沢庵和尚の名からつけられたといわれますが、ホウレン草の「ホウレン」も和尚の名前からきている。,×,
4,四国,16,漢字の「部首」には、「門がまえ」「くにがまえ」がある様に「きがまえ」もある。,○,
4,四国,17,未確認飛行物体を、U・F・Oといいますが、確認飛行物体のことはI・F・Oという。,○,
4,四国,18,相撲の立行司が腰にさしている短刀は力士が引退する際、チョンマゲを切るためのものである。,×,
4,中部,1,三重県生れの松尾芭蕉は、「奥の細道」に代表される紀行文をたくさん残していますが、中部五県、愛知、岐阜、三重、静岡、長野すべてを歩いた紀行文は残念ながらない。,×,
4,中部,2,昆虫の眼は複眼ですが、エビやカニの目も複眼である。,○,
4,中部,3,現在、明治、大正、昭和のように、その国独自の「年号」を使っているのは、世界でも日本だけである。,○,
4,中部,4,「18歳以下おことわり」というのは、「19歳未満はダメ」ということと同じである。,○,
4,中部,5,宇宙空間を旅するスペースシャトルの中でも、地球上と同じようにヨーヨー遊びが出来る。,○,
4,中部,6,愛知県名産の「七宝焼き」。英語では「セブン・ジュエリーズ」という名で親しまれている。,×,
4,中部,7,海に住むアワビはおどかすとびっくりして岩からころげ落ちる。,×,
4,中部,8,プロ将棋の公式戦。王手をかけた時、「王手」といわないと失格になる。,×,
4,中部,9,借金を「ミミを揃えて返す」などというときのミミは、「パンのミミ」の「ミミ」と同じ意味である。,○,
4,中部,10,国鉄の駅名に「犬」の字がつく駅はあるが「猫」の字がつく駅はない。,○,
4,中部,11,俳句で「天の川」は、秋の季語ですが、「七夕」は夏の季語である。,×,
4,中部,12,砂時計の内部は必ず真空でなければならない。,×,
4,北海道,1,北海道と君たちが目指す東京を結ぶ世界最長の青函トンネルは、今着々と完成に向かっていますが、昭和60年3月貫通までに動員されたのべ人数は、北海道の全人口よりも多い。,○,
4,北海道,2,ここ札幌市はミュンヘンやポートランドなどと姉妹都市を結んでいますが、姉妹都市を英語でもシスター・シティという。,○,
4,北海道,3,人間はいびきをかきながら歯ぎしりをすることは出来ない。,○,
4,北海道,4,JISマークのついている新品の使い捨てボールペンは、300m以上確実にきれいに書ける。,○,
4,北海道,5,惑星とは、星座の間をうろうろ惑い歩くように見えるところからその名がついた。,○,
4,北海道,6,浜辺に咲く「はまなす」は、茄子によく似た実をつけることからこの名がついた。,×,
4,北海道,7,活版印刷を発明したグーテンベルグが1番最初に印刷したのは活版印刷の説明書である。,×,
4,北海道,8,ロス五輪で正式種目となった女子の新体操では宙返りは禁止されている。,○,
4,北海道,9,空気の中に最も多く含まれている「窒素」は人が窒息してしまうという意味をもとに名付けられた。,○,
5,九州,1,男性687万人、女性751万人と圧倒的に、女性の多い九州ブロック全体の人口ですが、県別の人口をみると、やはり、八つの県すべて女性の方が多い。,○,
5,九州,2,昭和60年10月、国勢調査が行われましたが、世界で最も早く、国勢調査を行ったのはイギリスである。,×,
5,九州,3,学問の神様、菅原道真公は、勉強のため遣唐使として中国に渡ったことがある。,×,
5,九州,4,普通、成人とは満20歳の誕生日からのことですが、民法では、結婚すれば、20歳前でも成人とみなす。,○,
5,九州,5,日本で、最初にボウリング場ができたのは、西洋文化の取り入れ口として栄えた長崎である。,○,
5,九州,6,英語で「ファースト・フィンガー」とは親指のことである。,×,
5,九州,7,ウシは色を識別することはできませんが、本場スペインの闘牛用のウシは、特別に赤い色を区別出来るように訓練されている。,×,
5,九州,準々決勝,北極点の北緯、南極点の南緯は、ともに0度である。,×,
5,久米島,1,過去、記録に残っている、ここ久米島の最高気温と北海道は利尻島の最低気温ではなんと！50度以上もの差がある。,×,
5,久米島,2,ここ久米島は南国の島ですが、日本で一番南にある島と、常夏のハワイ諸島で一番北にある島とでは、日本の島の方が南にある。,○,
5,北陸,1,日本海で最も深い所は、富士山の高さ3776mよりも深い。,×,
5,北陸,2,8年半かけて完成した自動車専用日本最長の関越トンネル。1日に掘り進んだ平均距離は、高３男子の平均身長170.2cmより短い。,×,
5,北陸,3,棒高跳びの競技で、バーを飛び越す前に、手に持っている棒が折れると、失敗とみなされる。,×,
5,北陸,4,地球には、アルプスと名のつく山脈がありますが、月にも、アルプスと名のつく山脈がある。,○,
5,北陸,5,アイスクリームのコーンは、もともと、とうもろこしから作られたところから、その名がつけられた。,×,
5,北陸,6,ダイヤモンドを拾っても、現金を拾ったときのようにお札をもらうことができる。,○,
5,北陸,7,同じワット数の蛍光灯を同じ状態で使うと、直線型のものより丸型のものの方が長持ちする。,×,
5,北陸,8,砂糖と氷砂糖は、同じ成分である。,○,
5,北陸,9,診療所でも、入院設備があれば必ず栄養士を置かなければならない。,×,
5,北陸,10,ヤツデの葉は、必ず八つに分かれている。,×,
5,北陸,11,塗り物に使う漆を、採取するのは、漆の木の実からである。,×,
5,北陸,12,物事を「計画中」という場合に使われる「青写真」、英語で「ブループリント」という。,○,
5,東北,1,東北にある日本最大のリアス式海岸。このリアスとはスペイン語でギザギザという意味である。,×,
5,東北,2,初代、伊藤博文で始まる日本の歴代総理大臣と、初代、ワシントンで始まるアメリカの歴代大統領。現在までその人数が多いのは、日本の総理大臣の方である。,○,
5,東北,3,おニャン子クラブの公式ファンクラブの名前は、「こニャン子クラブ」という。,○,
5,東北,4,どちらも弾力性のあるガムとゴム。英語の綴りは同じである。,○,
5,東北,5,世界中の海抜8000m以上の山は、すべて頂上を征服されている。,○,
5,東北,準々決勝,「奥の細道」を書いた松尾芭蕉。彼はこの紀行文の中で松島に立ち寄りながら、松島の句を一句も詠んでいない。,○,
5,近畿,1,運命を決める第1問に悩む高校生諸君！聖徳太子が定めた17条の憲法最後の条目の内容によると、「重大なことを決定する時は、多数で議論して迷うよりは、一人で決定せよ」といっている。,×,
5,近畿,2,お彼岸は春と秋の2回ありますが、「彼岸花」も春と秋の2回咲く。,×,
5,近畿,3,現在、奈良には東大寺と西大寺がありますが、平城京と呼ばれた奈良時代には南大寺、北大寺もあった。,×,
5,近畿,4,奈良県の県木は「ナラの木」である。,×,
5,近畿,5,樽（たる）と桶（おけ）の違いはふたがあるかないかで区別している。,○,
5,近畿,6,毎年、お正月には各地の神社が初詣客で賑わいますが、日本で神社が最も多いのは京都である。,×,
5,近畿,7,飛鳥時代から奈良時代に作られたお金「和同開珎」には銀でできたものもあった。,○,
5,近畿,8,銀行の普通預金は、1円から口座が作れますが、1円でも利息がつく。,×,
5,近畿,9,女性の下着「スリップ」はドレスをすべりやすくすることから、スリップという名が付いた。,○,
5,近畿,10,水の体積が、一番小さくなる時は、０度のときである。,×,
5,近畿,11,日本の年号と同じように大学の創立も慶応大、明治大、大正大、昭和大の順である。,○,
5,近畿,12,不吉な予感のする”13日の金曜日”昭和60年1年間では、たった1回しかなかった。,×,
5,近畿,13,カニには、クモのような形をしたクモガニがいますが、クモの種類にも、カニのように横に歩くカニグモがいる。,○,
5,近畿,14,国宝が全国で一番たくさんある都道府県は奈良県である。,×,
5,近畿,15,木から木へ長い腕を上手に使って移動するオランウータンは、直立させても地面に手が届く。,×,
5,近畿,16,「犬かき」という泳ぎ方は英語でもドッグ・パドル。つまり「犬かき」という。,○,
5,近畿,17,日本のお金のデザインは硬貨も紙幣も偽造を防ぐため、一般公募でデザインを決めたことがない。,×,
5,近畿,18,”ガッツを入れていこう！！”このガッツとはもともと「神様、ゴッドが味方している」という意味である。,×,
5,近畿,19,カンガルーやコアラなどの有袋類はオス、メスともにお腹に袋がある。,×,
5,中国,1,スサノオノ命が大蛇と闘う「ヤマタノオロチ退治」の神話は、太安万侶が記した『古事記』と、国家が編さんした歴史書『日本書紀』の両方に載っている。,○,
5,中国,2,日本三景といえば広島県、京都府、宮城県にありますが、そのいずれも広島県と同じく、カキの養殖が行われている。,○,
5,中国,3,果物の輸入自由化が騒がれていますが、昭和５９年度日本で最も輸入量が多かった果物はバナナである。,○,
5,中国,4,水素のＨ、酸素のＯなど、アルファベット一文字で、表される元素記号を組み合わせると、”HIGH　SCHOOL”という単語を作ることができる。,×,
5,中国,5,物体と接触面の間におこる。「すべり摩擦」と「ころがり摩擦」。摩擦力が大きいのはすべり摩擦のほうである。,○,
5,中国,6,「フトモモ」という名の植物はあるが、「フクラハギ」という名の植物もある。,×,
5,中国,7,英語で”鳥肌”を表現するのに例えられる鳥は”ニワトリ”である。,×,
5,中国,8,サミット、つまり先進国首脳会議に参加している国の中で、面積が最も小さいのは日本である。,×,
5,中国,9,縁日などでよく見かけるミドリガメは、一生緑色である。,×,
5,中国,10,ムカデに似た動物「ゲジゲジ」。日本での正式名称は単に「ゲジ」である。,○,
5,中国,11,オリンピックの「砲丸投げ」で使われる砲丸は１００％鉄製の玉と決められている。,×,
5,中国,12,台風はよく「中型台風」「超大型台風」などと呼ばれますが、これは中心気圧によって決められている。,×,
5,中国,13,日本の市町村の中には急激に人口が減って、市から町に逆戻りしたところがある。,×,
5,中国,14,カタツムリはかみそりの刃の上を移動できるが、生花に使う剣山の上は移動できない。,×,
5,中国,15,北の空に輝く、北斗七星をひしゃく星といいますが、南の空にもやはり、同じようなひしゃく形をした星がある。,○,
5,中国,16,お味噌汁やお吸い物を入れたおわんのふたが取れなくなるのは、中が真空になるからである。,×,
5,四国,1,昭和60年、生誕150周年の坂本竜馬は、明治維新の星として輝いた志士ですが、夜空の星の中には竜馬の銅像の建つ「桂浜」という名の星もあるが「竜馬」という星もある。,○,
5,四国,2,「二十四の瞳」の作者、壺井栄は実際に先生だった。,×,
5,四国,3,年がら年中、木にぶらさがっているナマケモノは、体の毛の生え方も他の動物と違って反対になっている。,○,
5,四国,4,アメリカのペンシルベニア州は、エンピツの材料に用いられる木が多いことから、その名がつけられた。,×,
5,四国,5,雪だるまのことを英語で「スノーマン」という。,○,
5,四国,6,卵の黄身は色が濃いものほど栄養が多く含まれている。,×,
5,中部,1,凧は日本ばかりでなく、世界各地で楽しまれていますが、凧の中でも上昇力の高い連凧は、あの世界最高峰エベレスト山の高さを越えたことがある。,○,
5,中部,2,「鉛の筆」と書く鉛筆のシンに鉛は含まれていない。,○,
5,中部,3,洋服などに付いている「チャック」はアメリカのチャックさんが発明した。,×,
5,中部,4,牛の乳牛も子供を産まないとお乳が出ない。,○,
5,中部,5,映画「男はつらいよ」シリーズで寅さんを演じる渥美清は辰年生まれですが、寅さんこと車寅次郎は寅年生まれである。,×,
5,中部,6,ペリーの黒船が日本にやって来るようになって日本の船には外国船と区別するため日の丸を掲げよとのおふれ書きが出された。,○,
5,中部,7,魚の、ヒラメの子どもをタテメという。,×,
5,中部,8,江戸時代の五街道の中で、宿場の数が最も多いのは、五十三次の「東海道」である。,×,
5,中部,9,国鉄の食堂車のメニューには、子供連れの旅行者のために、お子様ステーキはあるが、お子様ランチはない。,○,
5,中部,10,インフルエンザ、Ａホンコン型ウィルスは俗に「ホンコン風邪」などといいますが、ホンコンでもこの風邪のことを「ホンコン風邪」と呼ぶ。,×,
5,中部,11,お風呂をわかす時、途中でフタをとって手でかきまぜた方が早くわく。,×,
5,中部,12,推理小説の登竜門、江戸川乱歩賞の受賞者に贈られるブロンズ像を、シャーロック・ホームズ像という。,○,
5,中部,13,徳川家康が建てた最後の名城「名古屋城」の本丸は、家康が生きている間には完成しなかった。,×,
5,北海道,1,北海道四大名物、サケ、イカ、ホタテ、カニ。去年、北海道で水揚げされた量を多い順に並べると、サケ、イカ、ホタテ、カニの順になる。,×,
5,北海道,2,北海道の面積を畳１畳とすると、日本の国土の広さは、およそ４畳半一間になる。,○,
5,北海道,3,日本政府発行のパスポートの表紙に書かれているアルファベットは「NIPPON」である。,×,
5,北海道,4,北海道名物、サケとカニ。年間の漁獲高が多いのはサケですが、国鉄の駅で神奈川県のシャケ駅（社家）と岐阜県のカニ駅（可児）、１日の乗降客数が多いのは漁獲高と同じシャケ駅である。,○,
5,北海道,5,昭和６０年１１月場所で横綱は千代の富士と隆の里の２人でしたが、横綱には定員何名というワクがないので、横綱が１０人になることもありうる。,○,
5,北海道,6,セーターに使われるアルパカは、羊の一種である。,×,
5,北海道,7,暗い海を照らし船を安全な航海にみちびく灯台のことを英語で、ライトハウスという。,○,
5,北海道,8,シャープペンシルが、日本で発売された頃の名前を「くり出し鉛筆」といった。,○,
5,北海道,9,アメリカ人は、13という数を嫌いますが、アメリカの憲法には第13条はない。,×,
5,関東,1,"世界中に""WE ARE THE WORLD""の歌で愛の言葉を送った、スーパースターたちからクイズに燃える君たちに熱いメッセージが届きました。高校生クイズに必要な三つの精神「知力」「体力」「チームワーク」のうち、『勝つために一番大切なものは何ですか？』と聞いたところ寄せられた答えの中で最も多かったのは「知力」であった。",○,
5,関東,2,「勝利の女神様我々の目標高校実力日本一」君たち4万人の願いをこめたこの文章は日本全国2万キロにわたって点在する5117の国鉄の駅名に使われている文字でできる。,×,
5,関東,3,「きよしこの夜」はクリスマスの日、つまり12月25日に作られた曲である。,○,
5,関東,4,日本で最も人口の多い村と最も人口の多い町はともに関東ブロックの中にある。,○,
5,関東,5,アメリカ、ソビエト、中国など世界中の国名をあいうえお順で書いていくと一番多いのはあ行である。,×,
5,関東,6,貝の中には、アサリより深いところに住む「フカリ」という貝もいる。,×,
5,関東,7,一度花を開いたシクラメンは、二度と花を閉じることはない。,○,
5,関東,8,ドライアイスを空気中に置くと二酸化炭素と水になる。,×,
5,関東,9,乾電池は、その中身が乾燥しているので乾電池という。,×,
5,関東,10,海の灯台を守る人を灯台守といいますが、田んぼの番をする人は田守という。,○,
5,関東,11,ニワトリの卵で一番最初に出来るのはやはり真ん中の黄身からである。,○,
5,関東,12,昭和60年最後の場所で新大関となった北尾は、昭和に入ってからの60人目の大関である。,○,
5,関東,13,「ゾウリムシ」という生物はいますが、「ワラジムシ」はいない。,×,
6,沖縄,1,日本で一番早くサクラが咲くここ沖縄は、海開きも日本一早い。,×,
6,沖縄,2,北は2290m北海道の大雪山頂から、南は1592mの九州・阿蘇山の頂上まで一直線にロープを渡すと、東京タワーのてっぺんはロープよりも上になる。,○,
6,沖縄,3,南国沖縄は豊かな自然に恵まれ珍しい生き物がたくさんいますが、あのカンムリワシ、イリオモテヤマネコ、ノグチゲラが国の特別天然記念物に指定されたのは同じ年である。,○,
6,沖縄,4,刑務所から逃げることを脱獄といいますが、船の乗組員が勝手に船から逃げることは脱船という。,○,
6,沖縄,5,総理大臣は、国家公務員である。,○,
6,沖縄,6,海の貝にアカガイはいますが、アオガイもいる。,○,
6,沖縄,7,鉄は真空状態だと、絶対にさびない。,○,
6,沖縄,8,ウルトラＱ、ウルトラマン、ウルトラセブンなどの「ウルトラ」とは体操のウルトラＣからとった言葉である。,○,
6,沖縄,9,1986年WHO（世界保健機構）が発表した”国別推定平均寿命”によると、女性の平均寿命が80歳を超えたのは、日本だけである。,×,
6,関東,1,アメリカのシンボル「自由の女神」は、1986年100歳を迎えました。さて、君達の運命が決まる「午後1時30分」、ここ西武球場に「自由の女神」が立つと、その影は今回全国から寄せられた応募ハガキを積み重ねた18m70cmよりも長い。,×,
6,関東,2,日本人に最も多い血液型はＡ型ですが、今回、西武球場に応募した君たち、18924チームのチームリーダーの血液型も、やはり「慎重さが自慢のＡ型」が一番多い。,○,
6,関東,3,北は2290m北海道の大雪山頂から、南は1592mの九州・阿蘇山の頂上まで一直線にロープを渡すと、東京タワーのてっぺんはロープよりも上になる。,○,
6,関東,4,おしゃれをすることを、ドレスアップといいますが、普段着にすることを、ドレスダウンという。,○,
6,関東,5,一般道路を走る自動車には制限速度がありますが、空を飛ぶ飛行機には、制限速度はない。,×,
6,関東,6,ニワトリも驚くと、鳥肌をたてる。,○,
6,関東,7,1986年夏。高校生クイズは各地で熱い嵐を巻き起こしていますが、日本の春を告げる「桜前線」があるように、暑い夏を告げる「ホタル前線」というのもある。,○,
6,関東,8,「たて板に水」の反対を、「よこ板にどろ」という。,○,
6,関東,9,禅宗の開祖インドのお坊さん「達磨（だるま）」。苗字は「だる」で名は「ま」である。,×,
6,関東,10,昭和61年、皇居のお堀に無事引っ越したカルガモの兄弟と、あのマイケル・ジャクソンの兄弟の数は同じである。,○,
6,関東,11,木の幹の根元に印をつけると、木が成長するにしたがってその印も高くなっていく。,×,
6,関東,12,ろっ骨の下、胃の入り口あたりのくぼみを「みずおち」といいますが、これは水を飲むとこのあたりに水が落ちたように感じるところから、その名がついた。,○,
6,関東,13,タツノオトシゴの仲間には、タツノイトコがいる。,○,
6,関東,14,現在残っている世界最古の地球儀には、日本は描かれていない。,×,
6,関東,15,朝、早いことを「朝っぱら」といいますが、これは元々朝おきて何も食べていない空きっ腹のことをいった。,○,
6,関東,16,ヤドカリの中で、貝がらを使わない種類をヤドナシという。,×,
6,関東,17,健康な人が普通に吐く息は、二酸化炭素より酸素のほうが多い。,○,
6,関東,18,恋愛が実らず、失敗に終わることを「失恋」といいますが、逆に実ることは「実恋」という。,×,
6,関東,19,タコの体の中にも、ウキブクロがある。,×,
6,九州,1,君たちが生まれた頃、人類はあの月に輝かしい第一歩をしるしましたが、アメリカの宇宙飛行士の中には、ひとりで二度月に降りたった人もいる。,×,
6,九州,2,北は2290m北海道の大雪山頂から、南は1592mの九州・阿蘇山の頂上まで一直線にロープを渡すと、東京タワーのてっぺんはロープよりも上になる。,○,
6,九州,3,火山に出来る大型のくぼ地「カルデラ」とは、もともとスペイン語で「にきびのあと」という意味である。,×,
6,九州,4,種子島に鉄砲を運んだ船も、フランシスコ・ザビエルを鹿児島に乗せてきた船も、共にスペインの船であった。,×,
6,九州,5,日本にネジが伝わったのは鉄砲が「種子島」に渡ったときである。,○,
6,九州,6,カタツムリにニンジンを食べさせると赤いフンをしますが、新聞紙ばかりたべさせると白黒まだらなフンをする。,○,
6,九州,7,石炭で走る蒸気機関車を発明したスチーブンソンは、炭鉱で働いていた。,○,
6,九州,8,低い温度に絶対温度があるように、高い温度にも絶対温度はある。,×,
6,九州,9,夏の味覚、ほとんど水分ばかりのスイカは、キュウリよりビタミンＣが少ない。,○,
6,九州,10,十字架といえばキリスト教の象徴ですが、バチカン市国の元首「ローマ法王」の紋章も十字架である。,×,
6,九州,11,日本で1日を24時間と定めたのは、江戸時代である。,×,
6,近畿,1,大の字を山に焼く大文字の送り火、大文字焼きは、京都を代表するお盆の行事ですが、日本全国にはお盆の行事として、山に小さいという字を焼く「小文字焼き」をやっているところもある。,○,
6,近畿,2,北は2290m北海道の大雪山頂から、南は1592mの九州・阿蘇山の頂上まで一直線にロープを渡すと、東京タワーのてっぺんはロープよりも上になる。,○,
6,近畿,3,日本の経済企画庁の分類によると、総理大臣はサービス業と同じ第三次産業である。,○,
6,近畿,4,昭和59年度の高校進学率を男女別にみると、男子の進学率のほうが高い。,×,
6,近畿,5,卵の成分で最も多いものは水分である。,○,
6,近畿,6,総務庁の調べによると、昭和60年の全国1世帯当たりの平均で、買った野菜の金額が最も多かったのはキュウリである。,○,
6,近畿,7,現在国鉄が全国に持っている所有地の面積を合計すると、その広さは琵琶湖の面積よりも広くなる。,×,
6,近畿,8,日本で最初に近代式の水道が誕生したのは、水の都大阪である。,×,
6,近畿,9,トビウオは水の上を飛ぶことで知られていますが、イカの仲間にも水の上を飛ぶトビイカがいる。,○,
6,近畿,10,「昆虫記」で知られるファーブルは、「植物記」も書いている。,○,
6,近畿,11,正六角形のタイルをはりあわせていくと、すきまなく面を埋めることができますが、正五角形でもできる。,×,
6,近畿,12,カレイの干物を”干しガレイ”といいますが、干される前から”ホシガレイ”という名前のカレイもいる。,○,
6,四国,1,ここ四国側から2番目にそびえ立つ南備讃瀬戸大橋の主塔は、現在日本にある吊り橋の中で最高の高さ194mを誇りますが、この四国・岡山ブロックの中にはこの塔より高い造形物、つまり人の手によって作られたものがある。,○,
6,四国,2,北は2290m北海道の大雪山頂から、南は1592mの九州・阿蘇山の頂上まで一直線にロープを渡すと、東京タワーのてっぺんはロープよりも上になる。,○,
6,四国,3,夏目漱石の「我輩は猫である」の猫には名前がありませんが、小説「坊っちゃん」にも主人公坊っちゃんの名前が出てこない。,○,
6,四国,4,夏目漱石は、英語の先生をしていましたが、漱石の弟子、芥川龍之介も同じように英語の先生をしていた。,○,
6,四国,5,津波は深いところより、浅いところの方がより速くなる。,×,
6,四国,6,毛の生えた普通のモモを”ケモモ”という。,○,
6,四国,7,谷の間を流れる川を谷川といいますが、田んぼの間を流れる川は田川という。,○,
6,四国,8,日本で田んぼにいるカメの正式名は田亀である。,×,
6,四国,9,イネの品種には、ナツヒカリというのはありますが、アキヒカリというのもある。,○,
6,四国,10,四国の名門鳴門のうず潮は「記念切手」にデザインされていますが、阿波踊りにもなっている。,×,
6,四国,11,みなさんの大好きな微分・積分の計算方法を世界で最初に発見したのは、万有引力の法則で知られるあのニュートンである。,○,
6,四国,12,応援する時のかけ声「フレー・フレー」は、戦国時代の武将が扇をふって足軽たちを激励したことがはじまりである。,×,
6,四国,13,トビウオのうきぶくろは、トビウオが飛ぶときはしぼんでしまう。,×,
6,中国,1,なかなか手に入れることができないもののたとえに「高嶺の花」というのがありますが、高山植物の中にはその「タカネノハナ」という名前の花が本当にある。,×,
6,中国,2,北は2290m北海道の大雪山頂から、南は1592mの九州・阿蘇山の頂上まで一直線にロープを渡すと、東京タワーのてっぺんはロープよりも上になる。,○,
6,中国,3,鳥取砂丘の名物、夏の味覚スイカを発見したのはアメリカ大陸を発見したコロンブスである。,×,
6,中国,4,ここ中国地方ではSL「やまぐち号」が走っていますね。さて、明治時代の機関車「義経号」「弁慶号」は有名ですが、なんと「静号」というのもあった。,○,
6,中国,5,見て楽しむための植物を観葉植物といいますが、万葉集に出てくる植物は万葉植物という。,○,
6,中国,6,水泳の平泳ぎ、背泳ぎ、バタフライ。近代オリンピックに最初に登場したのは背泳ぎである。,○,
6,中国,7,ボウリングで、一度ガターに落ちたボウルが根性でまたレーンにはい上がってピンを倒すと、得点になる。,×,
6,中国,8,大根おろしを作る時、はやくおろすよりゆっくりおろした方が辛くない。,○,
6,中国,9,日本で現在製造されている通常硬貨には、すべて植物がデザインされている。,○,
6,中国,10,プロ野球選手は年俸をもらっていますが、雨の日などの中止を決定するアンパイアは日給制である。,×,
6,中国,11,激しく切り合うことを「鎬（しのぎ）を削る」といいますが、この”鎬”とは身長をはかったときにつける柱の傷のことである。,×,
6,中国,12,棒高跳びの棒の長さは自由ですが、太さもどんなに太くてもかまわない。,○,
6,中国,13,カメはひっくり返すと自分で起き上がれますが、カタツムリも自力で起き上がることができる。,○,
6,中国,14,白髪まじりの頭のことを”ゴマ塩頭”といいますが、おとなり中国では”パンダ頭”という。,×,
6,中部,1,北は2290m北海道の大雪山頂から、南は1592mの九州・阿蘇山の頂上まで一直線にロープを渡すと、東京タワーのてっぺんはロープよりも上になる。,○,
6,中部,2,中華料理で棒棒鶏と書くバンバンジー。これは鶏の肉を棒で叩いてやわらかくするところから、バンバンジーとついた名前である。,○,
6,中部,3,刑事のことを「デカ」というのは、難事件を解決したとき、警視総監が部下を「でかした」とほめたことに由来する。,×,
6,中部,4,安全地帯の「悲しみにさよなら」と斉藤由貴の「悲しみよこんにちは」は、どちらも同じ人が作曲した。,○,
6,中部,5,空を飛ぶ水上飛行機は、海の上に着水すると法律では船になる。,○,
6,中部,6,イカの足は10本、タコの足は8本ですが、タコイカの足は中をとって9本である。,×,
6,中部,7,星座にはおおぐま座とこぐま座があるように、しし座のとなりにはこじし座がある。,○,
6,中部,8,植物にネコノシタはあるが、イヌノヒゲもある。,○,
6,中部,9,現在、日本ではノーベル賞の賞金には税金はかからない。,○,
6,中部,10,大理石の中で、光沢など質の落ちるものを小理石という。,×,
6,中部,11,宇宙の無重力、無重量状態でもクモは巣を張ることができる。,○,
6,中部,12,白地に赤い十字のマークを使うときは、赤十字社の許可が必要である。,○,
6,中部,13,怒るとブーッと体をふくらませる「フグ」に、肋骨はない。,×,
6,中部,14,人間の体の中で、最も汗腺が多いのは額である。,×,
6,中部,15,華やかに舞う新体操。使われるボールの色は、必ず白と決められている。,×,
6,中部,16,ニワトリの卵の黄身（卵黄）は、生よりゆでた方がカロリーは高い。,○,
6,中部,17,金づちのことを英語で「ハンマー｣というのは、その昔ハムをつくるとき、肉をたたいて軟らかくするのに使ったからである。,×,
6,中部,18,魚で、キンメダイとギンメダイはいますが、ドウメダイもいる。,×,
6,中部,19,動物にはホルモンがあるが、植物もホルモンを持っている。,○,
6,中部,20,デンキウナギよりも強いデンキを放つ、カミナリウナギがいる。,×,
6,中部,21,「大日本帝国憲法」が発布されたときの首相は、もちろん初代総理大臣、伊藤博文のときであった。,×,
6,東北,1,藤原三代夢の跡。ここ平泉のシンボルともいうべきあの金色堂は国宝第1号ですが、中尊寺の仏像の中には国宝に指定されたものはひとつもない。,○,
6,東北,2,北は2290m北海道の大雪山頂から、南は1592mの九州・阿蘇山の頂上まで一直線にロープを渡すと、東京タワーのてっぺんはロープよりも上になる。,○,
6,東北,3,日本の歴代総理大臣で、通算して在職日数がもっとも長いのはあの吉田茂である。,×,
6,東北,4,「むし暑さ」の程度を表す不快指数は知られていますが、「すがすがしさ」を表す「快感指数」というのもある。,×,
6,東北,5,仏教で「仏陀（ぶっだ）」といえば「悟った人」のことですが、「悟ろうとガンバッている人」は「菩薩（ぼさつ）」という。,○,
6,東北,6,英語で新月のことをNew moonといいますが、満月の後に欠けていく月をOld moonという。,○,
6,東北,7,棒高跳びの棒。最初に使われたのは、もちろん弾力のある竹である。,×,
6,東北,8,暴風の範囲が半径100km前後の小さい台風を「豆台風」という。,○,
6,東北,9,モグラは、自分の掘ったトンネルの中で体をUターンさせることができない。,×,
6,東北,10,人が案外気づかないところのことを「盲点」といいますが、人間の目の構造の中にもやはり「盲点」というところがある。,○,
6,東北,11,男の子が主人公の「家なき子」を書いた作者マロは、女の子が主人公の「家なき娘」という少女物語も書いている。,○,
6,東北,12,事実と反することをデマといいますが、これは”でまかせ”という言葉からきた。,×,
6,北陸,1,君たち高校生は第1問に敗れたとき、「苦虫をかみつぶしたような顔」をしますが、この「苦虫」とは、本当にいる虫である。,×,
6,北陸,2,北は2290m北海道の大雪山頂から、南は1592mの九州・阿蘇山の頂上まで一直線にロープを渡すと、東京タワーのてっぺんはロープよりも上になる。,○,
6,北陸,3,才能が人並みであることを「十人並み」といいますが、人並み以下のときには「百人並み」という。,○,
6,北陸,4,地球の赤道を時速4kmで、1日10時間歩いたとすると、高校を卒業するまでの3年間で赤道を一周することができる。,○,
6,北陸,5,君たち高校生のアルバイト料を、本人に代わって親が受け取ってもかまわない。,×,
6,北陸,6,お母さんの母乳は、お母さんに熱があるとき、その分温度が上がってミルクもHOTになる。,○,
6,北陸,7,現金の代わりに使われる小切手。額面が1億円を超えると大切手という。,×,
6,北陸,8,木の実やバナナを食べる野生のゴリラは、菜食主義者である。,○,
6,北陸,9,貿易国日本は、もちろん、船の保有総トン数が世界一である。,×,
6,北陸,10,「猫に鰹節」ということわざがありますが、その意味は「猫に小判」とまったく同じ意味である。,×,
6,北海道,1,英語でジャパニーズベアとは、日本で最も大きなヒグマのことである。,×,
6,北海道,2,北は2290m北海道の大雪山頂から、南は1592mの九州・阿蘇山の頂上まで一直線にロープを渡すと、東京タワーのてっぺんはロープよりも上になる。,○,
6,北海道,3,北海道の代表的農産物に「とうもろこし」「馬鈴薯」「リンゴ」がありますが、北海道をうたった石川啄木の「一握の砂」の中に、この３つはすべて出てくる。,○,
6,北海道,4,北海道函館から根室まで列車に乗ると、その距離は最短でも青森－上野間より長い。,×,
6,北海道,5,貝のアワビとカキ。アワビは岩の上を移動するが、カキは一度岩についたら一生そこを動くことはできない。,○,
6,北海道,6,「頭かくして尻かくさず」というコトワザは、白鳥が水に首をつっこむときお尻が浮いてしまうところからできた。,×,
6,北海道,7,環境庁が選んだ「名水百選」で、一番多くの水が選ばれた都道府県は大自然の宝庫、北海道である。,×,
6,北海道,8,切手に記念切手があるように、収入印紙にも記念印紙がある。,○,
6,北海道,9,ベートーベンの交響曲に「英雄」「運命」「田園」などというタイトルをつけて呼ぶのは、日本だけである。,×,
6,北海道,10,俗にカニの横バイといいますが、カニの仲間には横に歩けないものもいる。,○,
6,北海道,11,サケは目の色を見れば生まれ故郷、つまり国籍が分かる。,×,
6,北海道,12,世界で初めて南極点を征服したアムンゼンは、北極点にも初めて到達している。,×,
6,北海道,13,世界で最初に地球の赤道周囲を計算したのは、地動説をといたガリレオ・ガリレイである。,×,
6,北海道,14,日本では、未成年者は離婚するときも親の許可がいる。,×,
6,北海道,15,映画「ロッキー４」が人気を呼んでいますが、歴代ヘビー級世界チャンピオンの中には本当にロッキーという名のチャンピオンがいる。,○,
6,北海道,16,大相撲で勝負が長びきそうな両力士を一時的に休ませることを「水入り」といいますが、明治の初めには力士に水をかけて勝負を止めていた。,×,
6,北海道,17,夜、葉を閉じて眠るような状態になるところからその名がついた「合歓（ねむ）の木」は、英語で「ドリーミング・トゥリー」という。,×,
6,北海道,18,法律によって、高校生が宝くじを買うことは禁止されている。,×,
7,沖縄,1,４２回目の沖縄大会で日本をほぼ１周することになる国体。栄えある第１回大会が開かれたのは首都東京である。,×,
7,沖縄,2,地球のまん中を通る赤道上に１年間いると北半球の星座も南半球の星座もすべて見ることができる。,○,
7,沖縄,3,日本全国で、１番陸地面積が狭いのは、四方を海に囲まれた沖縄県である。,×,
7,沖縄,4,47都道府県の中で県民の平均年齢が一番若いのは、南の沖縄である。,○,
7,沖縄,5,南極の氷で最も厚いのは、富士山の高さよりも厚い。,○,
7,沖縄,6,日本にあるジェットコースター、法定上、時速100kmのスピードを超えるものはない。,○,
7,沖縄,7,「てぐすねひく」とは、釣糸に用いる「てぐす」の端を引きながらじっと魚を待つをいう意味から生まれた言葉である。,×,
7,沖縄,8,血液型A、B、O、AB型の4人の子供を持つことができるのは、A型とB型の両親だけである。,○,
7,沖縄,9,蝶の種類に”シジミ”とつくものもありますが、”アサリ”とつくものもある。,×,
7,関東,1,日本の面積を経線に沿って東西まっぷたつに二等分すると、日本一の富士山頂は昨年の優勝校、奈良東大寺学園と同じ西に入る。,○,
7,関東,2,今回、この西武球場に応募した２万１９９９チームのチームリーダーの誕生日をひとりずつお祝いしていくと、１年３６５日毎日ハッピーバースデーを聞くことができる。,○,
7,関東,3,江戸を発って東北から北陸へと『奥の細道』の旅に出た松尾芭蕉ですが、西武球場のあるここ埼玉県の句は一句も詠んでいない。,○,
7,関東,4,中国ではホットドッグを漢字で”熱い犬”と書く。,○,
7,九州,1,玄界灘の荒波の中、艫綱（ともづな）１本男意気で結ばれた漁船10隻の長さと、全長２９３mの女王、クイーン・エリザベス２世号を比べると、船の女王といえども漁船１０隻の長さにはかなわない。,×,
7,九州,2,玄界灘の浜辺に、漂流物が最も多くつくのは冬の季節ですが、今からおよそ１０００年前、あの鑑真が唐から日本にたどり着いたのもやはり冬であった。,○,
7,九州,3,夏の夜を彩る花火、日本に鉄砲が伝わるまでは当然なかった。,○,
7,九州,4,男性は小・中学校の家庭科の先生にはなれない。,×,
7,九州,5,人の体の皮膚は英語でSKINといいますが、バナナの皮も同じようにSKINという。,○,
7,九州,6,アリの中で一番寿命が短いのは、一生働きづめの働きアリである。,×,
7,九州,7,地球からお月見する月よりも、月から見る地球の方が明るく見える。,○,
7,九州,8,文学の芥川賞と直木賞。女性の受賞者が多いのは、直木賞の方である。,×,
7,九州,9,ボーナスシーズンになると、日本の銀行も当然、発行するお札の量をグンと増やす。,○,
7,九州,10,スポーツ界からの国民栄誉賞、九州では柔道の山下泰裕さんが受賞しています。柔道の世界選手権第１回大会は男女ともに、発祥の地日本で開かれた。,×,
7,九州,11,細かいことを詮索することを”重箱の隅を楊枝で突つく”といいますが、逆に細かいことは見逃せということは”重箱の隅を杓子で払え”という。,○,
7,九州,12,ヤドカリはサイズの合う貝を見つけると、生きている貝でも中身をほじくり出して住む。,×,
7,九州,13,人や動物の病気に予防接種があるように植物にも予防接種はある。,○,
7,九州,14,日本でも、ダイヤモンドは採れる。,×,
7,九州,15,座禅で肩を叩かれるのは、罰の意味ではなく、励ましの意味である。,○,
7,九州,16,腕の力を腕力というのに対し、足の力を足力ともいう。,○,
7,近畿,1,ここ姫路城を始め、国宝に指定されている城は全国に５つありますが、それらは全て天下分け目の関ヶ原より西にある。,×,
7,近畿,2,一度国宝に指定を受けた建物は、火事で全焼しても完全に修復されると再び国宝の指定を受けることができる。,×,
7,近畿,3,国土面積世界一のソ連。その広さは、南米大陸の面積より広い。,○,
7,近畿,4,厚く重い氷で覆われている南極大陸の平均海抜は、0メートル以下である。,○,
7,近畿,5,江戸時代、将軍の妻の住まいを「大奥」と呼んでいましたが、将軍の住まいは「中奥」といった。,○,
7,近畿,6,日本料理で料理をする人を”板前”といいますが、まだ包丁を持たせてもらえない見習いは”板後”という。,×,
7,近畿,7,「カレーうどん」と「カレーパン」先に出来たのは、カレーうどんである。,○,
7,近畿,8,裁判所の裁判長は、木槌を鳴らしてから裁判を開くように決められている。,×,
7,近畿,9,鎖国時代に終わりを告げ海外との貿易を開始した1860年、輸入品で最も多かったのは武器の原料となる鉄であった。,×,
7,近畿,10,フランス料理で、川にいるカエルは肉料理として出されるより魚料理として出される方が多い。,○,
7,近畿,11,木は1年ごとに年輪が刻まれていきますが、竹も同じように1年に1本ずつフシが増えていく。,×,
7,近畿,12,日本の人口100万人以上の都市は、すべて区に分かれている。,○,
7,近畿,13,サミットに参加する7カ国の中で、国連に加入するのが一番遅かったのは日本である。,×,
7,近畿,14,つかむとヌルヌルするウナギは、身体の表面で皮膚呼吸をする。,○,
7,四国,1,日本に夜明けを告げた幕末の志士達に西郷隆盛や桂小五郎がいますが、土佐のヒーロー坂本龍馬が”日本一の人物”と賞賛したのは、咸臨丸でアメリカに渡ったあの勝海舟である。,○,
7,四国,2,ここ四国は、仏教の歴史にその名を残す弘法大使ゆかりの地ですが、岡山・四国地区の全てのお寺を見るとやはり弘法大使が説いた真言宗が一番多い。,○,
7,四国,3,現役国会議員の中には、さすがに帝国議会の頃から議員をやっている人はいない。,×,
7,四国,4,高校生が遺言状を書いても無効となる。,×,
7,四国,5,日本で一番売れている花は皇室の紋章にも使われている菊である。,○,
7,四国,6,食べものの板チョコと乾パン。水分が少ないのは乾パンの方である。,×,
7,四国,7,ネコが怒ると毛が逆立つのは、1本1本に筋肉があるからである。,○,
7,四国,8,ほたる合戦とは、源氏ぼたると平家ぼたるが縄張り争いすることをいう。,×,
7,四国,9,昆虫のバタフライの”バタ”と、食べるバターを英語で書くとつづりは同じである。,○,
7,四国,10,相撲で勇み足で勝負が決まることはありますが、相撲の「決まり手」の中に勇み足はない。,○,
7,四国,11,雨上がりに見える虹の中には、内側が紫、外側が赤という色の配列が逆になっている虹もある。,○,
7,四国,12,「犬猿の仲」という言葉がありますが、ソ連の人工衛星に初めて犬を乗せたのに対しアメリカはサルだった。,○,
7,四国,13,魚の多くはウキブクロを持っていますが、海の底に棲むアンコウはウキブクロを持っていない。,×,
7,四国,14,全く知らない2人が同じことを発明して、同時に特許を出願すると特許権は2人に与えられる。,×,
7,四国,15,「太郎」という名前には長男という意味がありますが、「小太郎」は「太郎さんの長男」という意味である。,○,
7,中国,1,連続試合出場の世界記録を達成した衣笠選手は、６人目の国民栄誉賞に輝きました。さて、今回の国民栄誉賞は中曽根総理大臣の名で贈られましたが、正式に決定を下したのは内閣である。,×,
7,中国,2,梅雨に入った日を「入梅」というのに対し、梅雨明けが宣言された日を出梅という。,○,
7,中国,3,昭和61年の4月から昭和62年の3月まで、ここ中国４県で最も多く採れた野菜は大根である。,○,
7,中国,4,純粋な塩には、カロリーがある。,×,
7,中国,5,世界には、バナナ大統領はいますが、アボガド大統領というのもいる。,×,
7,中国,6,農具にスキとクワがありますが、料理にもスキヤキとクワヤキがある。,○,
7,中国,7,日本の歴代総理大臣で、文化勲章を受章した人は１人もいない。,○,
7,中国,8,プロ野球の選手だった人は、絶対に高校野球の監督にはなれない。,×,
7,中国,9,石油コンビナートの「コンビナート」とは”まほうの壷”という意味のアラビア語である。,×,
7,中国,10,鳥の中にはシジュウカラという鳥もいるが、ゴジュウカラという鳥もいる。,○,
7,中部,1,めざせお山の大将！日本一あやかり問題。日本一の山、富士山のてっぺんからジャンプして日本列島を一気に見渡すには、今回高校生クイズに応募した２３万６１１２人の身長を合計した距離で十分たりる。,○,
7,中部,2,徳川１５代将軍の干支を全部そろえると、１２支すべてそろう。,×,
7,中部,3,スニーカーのひもを通す金属の丸い輪を、ハトの目に似ていることからハト目という。,○,
7,中部,4,木の年輪。１年にふたまきできることもある。,○,
7,中部,5,海の宝石といわれる真珠は真水でも育つ。,○,
7,中部,6,戦国の武将”武田信玄”は子どもの頃の名を”武田鉄矢”といった。,×,
7,中部,7,出勤や退社の時間を記録するタイムレコーダーを発明したのは、時間に正確な日本人である。,×,
7,中部,8,親の子知らず。「考える人」で有名なロダンは、「考える人」を制作しているとき、自分の子供の不出来に悩んでいたこともある。,○,
7,中部,9,現在のプロ野球１２球団の監督の中で、現役時代最も多く退場の経験があるのは、ケンカ野球を打ち出している中日の星野監督である。,×,
7,中部,10,重大なニュースをスクープすることを「特ダネ」といいますが、大きなニュースを落とした時は「特ダメ」という。,×,
7,中部,11,夏まっ盛り。果物は冷やした方が甘くなる。,○,
7,中部,12,漫画の「サザエさん」でサザエとワカメは仲のいい姉妹ですが、貝のサザエも海藻のワカメが大好物である。,○,
7,中部,13,「千載一遇のチャンス」この千載とは、１０００人中たった１人だけのチャンスという意味である。,×,
7,中部,14,お茶に花が咲くのは、茶摘みをしたあとの真冬である。,×,
7,中部,15,通常の電報でアルファベットを使うことはできない。,○,
7,中部,16,植物の菊を大型にしたようなひまわりはキク科の植物である。,○,
7,中部,17,漢字に「石へん」はありますが、「岩へん」というのはない。,○,
7,中部,18,昼・夜の長さが同じ春分の日と秋分の日がありますが、現実には、大気のせいで夜よりも昼の方が長くなる。,○,
7,中部,19,暑くなると人間は汗をかきますが、同じ哺乳類のクジラも汗をかく。,×,
7,中部,20,昆虫は脱皮を繰り返して成長しますが、あのゴキブリも脱皮する。,○,
7,中部,21,世界一速い男、カルビン・スミスは、時速40kmで走る車を追い抜くことができる。,×,
7,東北,1,夢多き伊達政宗の命によって支倉常長ら使節団一行は、サン・ファン・バウチスタ号で未知の国ローマへ向かいました。そこで問題。セバスチャンの航海日誌によると、その時太平洋横断にかかった日数は世界一周を果たした、マゼランの太平洋横断１０８日間よりも短かった。,○,
7,東北,2,日本のお医者さんの頂点。初代日本医師会会長は、黄熱病研究をした野口英世である。,×,
7,東北,3,NTTは、歩道にある公衆電話ボックスの土地使用料を国やその町に支払っている。,○,
7,東北,4,殿様ガエルのメスを、姫ガエルという。,×,
7,東北,5,和室にある「床の間」は、もともとお殿様が寝るための場所だった。,×,
7,東北,6,庭に野鳥の巣箱をかける時期は、冬よりも夏の方がより適している。,×,
7,東北,7,素性の知れない人のことを馬の骨というのに対し、見どころのある若者のことは牛の骨という。,×,
7,東北,8,洒落をきかせた短い話を小話といいますが、大笑いするような奇想天外な話は大話という。,○,
7,東北,9,バレーボールのバレーとテニスのボレーは同じ意味の単語である。,○,
7,東北,10,ミツバチが人を刺したあと死んでしまうのは、針と一緒に内臓がとれてしまうからである。,○,
7,東北,11,昼間の気温が２５℃以下の時でも、夜間の気温が２５℃以上であるならその夜は「熱帯夜」という。,○,
7,東北,12,昼間、人間の肌の温度が最も低いのは、熱をはかるおでこである。,×,
7,東北,13,沼や田んぼに住む「ざりがに」はカニの一種である。,×,
7,東北,14,お風呂に入った時、指がシワシワになるのは、体温が一気に上昇して水分がなくなるためである。,×,
7,東北,15,白い米を白米というのに対し、もみがらを取ったままの米は黒い米、黒米という。,○,
7,東北,16,カタツムリには、人間のつむじと同じように右巻きと左巻きがある。,○,
7,東北,17,イギリスでは、「夕立ち」のことをevening standという。,×,
7,東北,18,しゃれた男を伊達男というのに対し、派手好きの女性を伊達女という。,○,
7,北陸,1,雷鳥が天然記念物に指定されているのは、唯一日本が大陸と陸続きであったことを証明できる鳥だからである。,○,
7,北陸,2,ホ乳類の中で、自力で自由自在に空を飛べるのはコウモリだけである。,○,
7,北陸,3,新潟県出身、あのジャイアント馬場の血液型は体にふさわしくＯ型（大型）である。,○,
7,北陸,4,一輪車も道路交通法では「自転車」である。,×,
7,北陸,5,8歳から12歳までの女の子なら、子供の硬式野球、リトルリーグに出場することができる。,○,
7,北陸,6,普通、種なしぶどうは若いうちに薬品につけますが、種なしスイカも同じようにして作る。,×,
7,北陸,7,野菜の小松菜とは、小松さんという人がホウレン草を品種改良して作ったところからその名がつけられた。,×,
7,北陸,8,アメリカで朝の挨拶は「グッドモーニング」といいますが、あまりにも天気の悪い日などは「バッドモーニング」と言う。,×,
7,北陸,9,夏の風物詩「蛍」は、英語でFIRE　FLYという。,○,
7,北陸,10,硬式テニスの国際ルール、試合で使用が認められているボールは、白と黄色の2色だけである。,○,
7,北陸,11,大気圏外でも地上と同じように風が吹いている。,×,
7,北陸,12,警察官の階級でトップは警視総監ですが、消防士のトップでもやはり消防総監である。,○,
7,北海道,1,大空の青、大地の緑、雪の白！校歌には、四季折々に燃える大自然の色が歌われていますが、全道、３３８校の高校の校歌に一番多く出てくる色は、”青春真っ只中”の「青」である。,×,
7,北海道,2,岩壁を登ることを「ロッククライミング」といいますが、氷壁を登ることは「アイスクライミング」という。,○,
7,北海道,3,ここ北海道には雄大な６つの国立公園がありますが、日本にある国立公園には、すべての県が含まれている。,×,
7,北海道,4,ハモンド・オルガンは、アメリカのハモンドが発明したものである。,○,
7,北海道,5,世界最大の建造物、中国の万里の長城の長さは、日本の北海道・稚内から九州・鹿児島までの直線距離よりも長い。,○,
7,北海道,6,”磯のあわびの片想い”といいますが、アワビの雄は産卵期になると雌の後をついて回る。,×,
7,北海道,7,まっ赤に燃える炭火からも赤外線が出ている。,○,
7,北海道,8,柿の甘柿は寒いところであればあるほど甘くなる。,×,
7,北海道,9,電気の単位には、電池の発明者「ボルタ」に因んだボルトがありますが、雷の実験で有名な「フランクリン」という単位もある。,○,
7,北海道,10,アブラゼミがはじめて脱皮するのは、地上に出た時である。,×,
7,北海道,11,漢字にふり仮名をつける「ルビ」と宝石の「ルビー」、英語の綴りは同じである。,○,
7,北海道,12,太陽の光で光合成を行う植物は家の中にある蛍光灯の明かりでも光合成をする。,○,
8,沖縄,1,オリンピック冬、夏連続出場の橋本聖子が、北は札幌から「スケート」で、南は福岡から「自転車」で、それぞれ1000m日本新の速さで一直線に君達の目指す東京へ同時にスタートすると、先にゴールするのは「自転車の聖子」である。,○,
8,沖縄,2,日本の女性の政界進出が目立っていますが、全国47都道府県すべての議会に女性議員がいる。,×,
8,沖縄,3,全国47都道府県の中で、さとうきびが農作物の収穫量の第1位を占めているのは、ここ沖縄県だけである。,×,
8,沖縄,4,過去、気象庁が記録した日本の最高気温ベスト１０の中に、ここ那覇市は入っていない。,○,
8,沖縄,5,なめるとしょっぱい汗。水分の次に多く含まれているのは、やはり食塩である。,○,
8,沖縄,6,海の底近くに棲む深海魚には、「浮きぶくろ」と連動して身体を沈めるための「おもりぶくろ」というものもある。,×,
8,沖縄,7,カラス貝のうち、まだ小さくて色の薄いものをスズメ貝という。,×,
8,関東,1,オリンピック冬、夏連続出場の橋本聖子が、北は札幌から「スケート」で、南は福岡から「自転車」で、それぞれ1000m日本新の速さで一直線に君達の目指す東京へ同時にスタートすると、先にゴールするのは「自転車の聖子」である。,○,
8,関東,2,1988年日本代表として15人の高校生がオリンピックに出場しますが、これまで日本には君達と同年代のゴールドメダリストは1人もいない。,×,
8,関東,3,アメリカから直接日本の警察に110番することができる。,×,
8,関東,4,人にくっついて歩くことを「金魚のふん」といいますが、すぐ切れて長続きしないことは「うさぎのふん」という。,○,
8,関東,5,『スモモもももももものうち」といいますが、セロリもパセリもセリのうちである。,○,
8,関東,6,なんでも「ハイ、ハイ」という人を英語で「イエスマン」というのに対し、すぐには承知しない人のことを「ノーマン」という。,○,
8,関東,7,映画の「ロードショー」とは、もともと道路で芝居を見せていたことからロードショーというようになった。,○,
8,関東,8,ロン･ヤスの仲で知られる中曽根前首相の生まれた町と、レーガン大統領の生まれた町は姉妹都市を結んでいる。,×,
8,関東,9,キリンの頸の骨と亀の頸の骨では、亀の頸の骨の方が多い。,○,
8,関東,10,コロンブスがアメリカ大陸を発見する以前から、すでに人類は地球が球形であることを知っていた。,○,
8,関東,11,あのナマケモノは、子どもを産むときも木にぶら下がったままである。,○,
8,関東,12,物事を手ほどきすることを「指南」といいますが、これは中国の人が南にあるインドを手本にしたことから生まれた言葉である。,×,
8,関東,13,学問の神様として祀られている菅原道真のお父さんも、勿論学者だった。,○,
8,九州,1,オリンピック冬、夏連続出場の橋本聖子が、北は札幌から「スケート」で、南は福岡から「自転車」で、それぞれ1000m日本新の速さで一直線に君達の目指す東京へ同時にスタートすると、先にゴールするのは「自転車の聖子」である。,○,
8,九州,2,「小倉百人一首」に詠まれている歌。内容の最も多いのは、「ラブ・ストーリー」である。,○,
8,九州,3,日本や中国でよく採れるサツマイモは、極端に寒い所に置いておくと腐りやすい。,○,
8,九州,4,消しゴムが使えるかどうかの検査に使われるエンピツの濃さは、「HB」である。,○,
8,九州,5,月は引力の作用によって、年々少しづつ地球に近づいている。,×,
8,九州,6,スズメの仲間には、渡り鳥となるものもいる。,○,
8,九州,7,漢字で太い刀の魚と書く「タチウオ」は、英語で「サーベルフィッシュ」ともいう。,○,
8,九州,8,明治時代、軟式テニスが日本で考案されたのは、硬式テニスのボールが足りなかったからである。,○,
8,近畿,1,オリンピック冬、夏連続出場の橋本聖子が、北は札幌から「スケート」で、南は福岡から「自転車」で、それぞれ1000m日本新の速さで一直線に君達の目指す東京へ同時にスタートすると、先にゴールするのは「自転車の聖子」である。,○,
8,近畿,2,ここ堺には日本一大きな古墳がありますが、近畿ブロック6県にあるすべての古墳を数えると、ここに集まった高校生14316名よりも多くなる。,○,
8,近畿,3,『古今和歌集』『後撰和歌集』『拾遺和歌集』を三代集といいますが、これらの歌集の撰者の中に女性は1人もいない。,○,
8,近畿,4,金、銀、銅を溶かすと、どんな方法を採っても1番最後に溶けるのは金である。,×,
8,近畿,5,毛が3本で有名な『オバケのＱ太郎』。卵から生まれた時は毛が一本もなかった。,×,
8,近畿,6,豊臣秀吉の金の千成ひょうたんは有名ですが、ヒョウタンの品種には本当にセンナリヒョウタンというのがある。,○,
8,近畿,7,1987年度、日本中の郵便局に出された郵便物の総数を日本の総人口で割ると、1人1年365日毎日郵便物を出したことになる。,×,
8,近畿,8,「キンモクセイ」の中で特に年輪を重ねたものを「ギンモクセイ」と呼ぶ。,×,
8,近畿,9,1988年現在市販されている最高額の「テレフォンカード」1枚あれば、丸１日市内通話することができる。,○,
8,近畿,10,道なきコースを走るオートバイのモトクロス。運転免許証がなくても世界選手権には出場できる。,○,
8,近畿,11,ソウルオリンピックで初日から最終日まで、毎日行われる競技種目は１つもない。,○,
8,近畿,12,危険！と思うと体を丸くするアルマジロのヨロイは硬い骨でできている。,×,
8,近畿,13,ウルトラマンが生まれたのはM78星雲ですが、宇宙にはM78と呼ばれる星雲が本当に実在する。,○,
8,近畿,14,世界168カ国の国旗で最も多く使われている色は、日本の国旗にも使われている白である。,×,
8,四国,1,全国47都道府県のもっとも高い山を、富士山の位置（海抜0m）に積み重ねると、そのてっぺんからソウルオリンピックのメインスタジアムを見ることができる。,○,
8,四国,2,四国・岡山５県の中で、主食である米の収穫高が最も多いのは、面積の１番広い高知県である。,×,
8,四国,3,「世界一速い男」ベン･ジョンソンの100m記録は、50cc以下のバイクの制限速度より速い。,○,
8,四国,4,空から降ってくる雨。大きい雨粒と小さい雨粒を比べると、大きい粒ほど落ちる速度は遅くなる。,×,
8,四国,5,夏の夜、美しい光を放つゲンジボタル。昼間、明るい所でじっとしている時も実は発光している。,×,
8,四国,6,犬のボクサーは、ボクシングで殴られたボクサーの様な顔をしているところから、その名がつけられた。,×,
8,四国,7,『土佐日記』『蜻蛉日記』『更級日記』の作者のうち、『小倉百人一首』にないのは、『更級日記』の作者、菅原孝標の女の歌である。,○,
8,四国,8,タコ入道という言葉がありますが、ニュウドウダコというタコが本当にいる。,×,
8,四国,9,夏場はよく汗をかきますが、一般的に男性よりも女性の方が身体の水分は多い。,×,
8,四国,10,ミレーの名画『落穂拾い』で、落穂を拾っているのは全員女性である。,○,
8,四国,11,陸上競技のトラックと貨物自動車のトラック。英語ではまったく同じ意味である。,×,
8,四国,12,お年寄りの人達の優先席、電車のシルバーシートが初めて登場したのは、敬老の日の9月15日だった。,○,
8,中国,1,オリンピック冬、夏連続出場の橋本聖子が、北は札幌から「スケート」で、南は福岡から「自転車」で、それぞれ1000m日本新の速さで一直線に君達の目指す東京へ同時にスタートすると、先にゴールするのは「自転車の聖子」である。,○,
8,中国,2,日本三景といわれる広島の宮島、京都の天の橋立て、宮城の松島。この３ヵ所のうち、国立公園に含まれているのは宮島だけである。,○,
8,中国,3,イソップ童話に『ウサギとカメ』というのがありますが、カメの仲間には、速度がちょっぴり速い「ウサギガメ」というのもいる。,×,
8,中国,4,体の平べったいワニは、泳ぐ時バランスをとるために石を飲み込む。,○,
8,中国,5,サルも花粉症にかかる。,○,
8,中国,6,野球に似たソフトボールは、大正時代日本で考え出されたものである。,×,
8,中国,7,オリンピックの競泳種目、自由形、平泳ぎ、背泳ぎ、バタフライ。この4種目において日本は、過去の大会ですべて金メダルを獲得している。,○,
8,中国,8,模様や大きさが違うアゲハチョウ。サナギの時も、オスとメスの色が違う。,×,
8,中国,9,いかに太陽が大きくても、地球との万有引力は、より近い月の方が大きい。,×,
8,中国,10,日本では、4年制の大学よりも短期大学のほうが多い。,○,
8,中国,11,ここ100年間日本に誕生した博士で最も多いのは医学博士である。,○,
8,中国,12,イカやタコの吐く墨。英語でもやはりインクという。,○,
8,中国,13,1人で何人分もの働きをすることを「八面六臂」といいますが、1人分以下の時は「三面六臂」という。,×,
8,中部,1,オリンピック冬、夏連続出場の橋本聖子が、北は札幌から「スケート」で、南は福岡から「自転車」で、それぞれ1000m日本新の速さで一直線に君達の目指す東京へ同時にスタートすると、先にゴールするのは「自転車の聖子」である。,○,
8,中部,2,瀬戸物の瀬戸と瀬戸内海の瀬戸。ともに「せまい」という意味である。,×,
8,中部,3,名古屋城といえば金のシャチホコが有名ですが、君達の目指す東京の江戸城にも金のシャチホコはあった。,○,
8,中部,4,ノコギリザメの赤ちゃんは、ノコギリがついたまま生まれる。,○,
8,中部,5,日本一の長寿のおばあちゃんは、光GENJI全員の年齢を足した数より、もっと年上である。,×,
8,中部,6,長野県出身の俳人、小林一茶が残した句に、三重県出身の俳句の先輩、松尾芭蕉のことを詠んだ句は１つもない。,×,
8,中部,7,「光と電波」。真空中の速さを比べると光の方が断然速い。,×,
8,中部,8,人間も地域によって方言があるように、鳥も育った場所によって鳴き方が違う。,○,
8,中部,9,人を刺す蜂のオスバチは、どんな種類であっても１００％人を刺すことはない。,○,
8,中部,10,動く歩道ともいわれるエスカレーターのスピードは、道路交通法で決められている。,×,
8,中部,11,普通はグリーンのカメレオも、興奮すると赤くなる。,×,
8,中部,12,風の種類に偏西風がありますが、偏東風もある。,○,
8,東北,1,オリンピック冬、夏連続出場の橋本聖子が、北は札幌から「スケート」で、南は福岡から「自転車」で、それぞれ1000m日本新の速さで一直線に君達の目指す東京へ同時にスタートすると、先にゴールするのは「自転車の聖子」である。,○,
8,東北,2,世界一の技術をもって掘られた青函トンネルですが、その最も深い所は日本一深い田沢湖の最大水深よりも浅い。,○,
8,東北,3,日本のプロ野球。女性であっても試験に合格すれば公式審判員になることができる。,○,
8,東北,4,明治時代ぜいたく品であった自転車にも、今の自動車税のような自転車税というのがあった。,○,
8,東北,5,1987年、NTT104番へ全国から寄せられた問い合わせ件数は、東北6県すべての人が、1年365日毎日1回問い合わせた数よりも多い。,×,
8,東北,6,簡単にできることを「朝飯し前のお茶の子さいさい」といいますが、この「お茶の子」とは、お茶に添えて出すお茶菓子のことである。,○,
8,東北,7,「押っ取り刀でかけつける」という言葉は、ゆっくり現場にかけつけることをいう言葉である。,×,
8,東北,8,ワライタケというキノコがあるように、オワライグサというクサもある。,×,
8,東北,9,「とどめを刺す」という時の「とどめ」とは、もともと心臓のことである。,×,
8,北陸,1,オリンピック冬、夏連続出場の橋本聖子が、北は札幌から「スケート」で、南は福岡から「自転車」で、それぞれ1000m日本新の速さで一直線に君達の目指す東京へ同時にスタートすると、先にゴールするのは「自転車の聖子」である。,○,
8,北陸,2,路面電車もスピード違反をするとパトカーに捕まる。,○,
8,北陸,3,物事をよく知っている「生き字引」の人を「ウォーキングディクショナリー」といいますが、これは和製英語である。,×,
8,北陸,4,人の「指紋」。英語では「フィンガー・プリント」という。,○,
8,北陸,5,ジャムの仲間に「マーマレード」というのがありますが、「パーパレード」というものもある。,×,
8,北陸,6,君達が生まれた頃に打ち上げられた日本最初の人工衛星「おおすみ」は、既に大気圏に落下して燃えつきている。,×,
8,北陸,7,子供達がよく遊ぶブランコ、すべり台、砂場。この３つを必ず備えていなければ幼稚園を開くことはできない。,○,
8,北陸,8,自由に選べることを「よりどりみどり」といいますが、鳥の仲間に「よりどり」と「みどり」という鳥が本当にいる。,×,
8,北陸,9,「冷血動物」とは、体温が人間より低い動物のことをいう。,×,
8,北陸,10,非常に硬いクルミの殻にも、芽を出すための小さな穴がある。,×,
8,北陸,11,薬用にもなる「ドクダミ」には、まったく毒はない。,○,
8,北陸,12,パーティーに着る礼服。タキシードは、この服を初めて着たタキシード伯爵の名をとってつけられたものである。,×,
8,北陸,13,怒ったとき、陸上でおなかを膨らませるフグ。海の中で怒った時は、水を飲み込んで膨らませる。,○,
8,北陸,14,陸上競技の日本No.1選手でも、オリンピック記録を突破しなければ、オリンピックには出場できない。,×,
8,北陸,15,「能書を並べたてる」という言葉がありますが、これはもともと自分を売り込むための履歴書のことであった。,×,
8,北陸,16,暮らし向きが楽な人のことを「左うちわ」というのに対し、暮らし向きの悪い人は「右うちわ」という。,×,
8,北陸,17,ピーマンの赤ピーマンは、緑のピーマンが熟したものである。,○,
8,北陸,18,日本の法律では、飛行船もヘリコプターと同じように「航空機」として扱われる。,○,
8,北海道,1,オリンピック冬、夏連続出場の橋本聖子が、北は札幌から「スケート」で、南は福岡から「自転車」で、それぞれ1000m日本新の速さで一直線に君達の目指す東京へ同時にスタートすると、先にゴールするのは「自転車の聖子」である。,○,
8,北海道,2,北海道と本州を結んだ青函トンネル53.8kmと、四国と本州を結んだ瀬戸大橋12.3km。1日の工事で進んだ平均距離は、青函トンネルの方が長かった。,○,
8,北海道,3,甘くておいしいメロン。農林水産省では「木にならない」という理由から、「野菜」に分類されている。,○,
8,北海道,4,地球の周りを回るロケットを人工衛星といいますが、太陽の周りを回るように打ち上げたものは、人口惑星という。,○,
8,北海道,5,宇宙空間にある静止衛星が静止しているのは、地球と月の引力がちょうど釣り合うところに浮かんでいるからである。,×,
8,北海道,6,海に棲むタコも、サカナと同じようにエラで呼吸をしている。,○,
9,沖縄,1,ヤンバルクイナ、イリオモテヤマネコなどの珍しい動物で知られるここ沖縄県。やはり、天然記念物の数も日本一である。,×,
9,沖縄,2,沖縄県の天然記念物の数は４０でしたが、日本の最北端、北海道と比べると天然記念物の数が多いのは沖縄県の方である。,×,
9,沖縄,3,マリンスポーツで人気のジェットスキー。免許を取る時、泳げる人という条件がある。,×,
9,沖縄,4,南半球に棲む「極楽鳥」。英語でも「バード・オブ・パラダイス」という。,○,
9,沖縄,5,北斗七星と南十字星。この２つを同時に見ることができる都道府県は、ここ沖縄県だけである。,×,
9,沖縄,6,哺乳動物のクジラ。海に潜っている間は息を止めている。,○,
9,沖縄,7,全国でもっとも市の数が少ない都道府県は、沖縄県である。,×,
9,関東,1,君達の持っているテレホンカードと同じ大きさの鏡を50cm先に持ち、富士山を背にその雄姿を映しながら一直線に離れていくと、西武球場へ到達するまでに、その中に富士山はすっぽり入ってしまう。,×,
9,関東,2,1989年に「市制100年」を迎える都市が全国に38カ所ありますが、平成になって新しく誕生した「市」もある。,×,
9,関東,3,世界で1番多く鉛筆を生産しているのは、勉強好きの日本である。,×,
9,関東,4,水より冷たい氷は存在するが、氷より冷たい水もある。,○,
9,関東,5,風を帆で受けて水面を走るヨットは、吹いている風より速く走ることはできない。,×,
9,関東,6,文芸書のベストセラーでナンバーワンに輝いたのは吉本ばななですが、1988年の日本の果物の輸入量でナンバーワンになったのもバナナである。,○,
9,関東,7,元素記号で最も多く使われているアルファベットは、窒素の「N」とラジウムの「R」である。,○,
9,関東,8,同じ明るさの蛍光灯。まっすぐの管と丸い管。寿命が長いのは、まっすぐの管である。,○,
9,関東,9,国語辞典の王様『広辞苑』には、「広辞苑」という項目がある。,×,
9,関東,10,出世魚の「スズキ」。稚魚は「ダイチ」と呼ばれる。,×,
9,関東,11,蜜蜂から蜜を集める養蜂家は、花の咲かない時期には、蜂に砂糖水をやっている。,○,
9,関東,12,日本の官庁街、霞ヶ関にある法務省。実は、大岡裁きで有名な大岡越前守の江戸屋敷跡にある。,○,
9,関東,13,緯度0度の線を赤道といいますが、英語では「red road」という。,×,
9,関東,14,だめしの名人「キツネ」と「タヌキ」。実は、同じ科の仲間である。,○,
9,関東,15,日本で初めて新橋～横浜間を走った機関車の運転士は、日本人であった。,×,
9,関東,16,国会には、「開会式」はあるが「閉会式」はない。,○,
9,九州,1,九州では「アジア太平洋博覧会」が開かれていますが、世界で最初の万国博覧会は、１９８９年に革命２００年を迎えたフランスで開かれた。,×,
9,九州,2,寝るときに着る「パジャマ」は、インドのパジャマ和尚の名にちなんで付けられたものである。,×,
9,九州,3,蚊の幼虫「ボウフラ」は、泳ぐ姿が棒を振っているように見えたところから「棒ふら」とその名がついた。,○,
9,九州,4,水の上をスイスイと走るアメンボは、せっけん水の中では沈んでしまう。,○,
9,九州,5,「知恵は万代の宝」。このすばらしい言葉を「金言」といいますが、英語でも「golden saying」という。,○,
9,九州,6,あの赤い「ニンジン」は、ゴボウの一種である。,×,
9,九州,7,シンクロナイズドスイミングで、福留功男に実力があれば、オリンピックで小谷実可子さんとデュエットすることができる。,×,
9,九州,8,中国では「電子計算機」と書くと、コンピュータのことである。,○,
9,九州,9,現在、日本（1989年6月16日発表の1988年度野菜生産量）でもっとも生産量の多い野菜は、当然ジャガイモである。,○,
9,九州,10,「立てば芍薬、座れば牡丹、歩く姿は百合の花」と、美人を表す３つの花。俳句では、すべて夏の季語である。,○,
9,九州,11,スポーツ競技で「初段」「三段」などの段位があるのは、柔道、剣道を始めとする武道だけである。,×,
9,九州,12,1989年現在発行されているパスポートには、新しい元号「平成」と書かれている。,×,
9,九州,13,ボクシングで頭が相手にぶつかる「バッティング」と、野球でボールを打つ「バッティング」。どちらも、英語の綴りは同じである。,×,
9,近畿,1,若草山のてっぺんを甲子園球場のピッチャーマウンドに見たて、そこに同じ倍率の巨人の桑田投手が立つとすれば、その身長は近畿で1番高い山を超える。,○,
9,近畿,2,国の天然記念物に指定されている「奈良市内の鹿」は、市内を1歩出て暮らすと天然記念物の指定からはずされてしまう。,○,
9,近畿,3,日本一を目指す「全国高等学校クイズ選手権」と夏の「全国高等学校野球選手権大会」。近畿ブロックから同じ年にこの両方の代表となった高校は、過去に1校もない。,×,
9,近畿,4,徳川15代将軍と足利15代将軍。この中で、1番長生きした将軍も、1番短命だった将軍も、ともに徳川家の将軍である。,○,
9,近畿,5,ノーベル物理学賞を受賞した湯川秀樹と朝永振一郎は、京都大学の同期生である。,○,
9,近畿,6,世界のどの勢力にも属さず、「中立」を国の基本としているスイスとオーストリアは、ともに国際連合に加盟していない。,×,
9,近畿,7,鹿の角を切っても再び生えてくるように、１度とれたサイの角もまた生えてくる。,○,
9,近畿,8,地球は今、緑が少なくなっています。１９８９年現在、日本でもっとも森林面積の狭い都道府県は、面積の最も狭い大阪府である。,○,
9,近畿,9,仙台の松島、京都の天ノ橋立、そして安芸の宮島を指す「日本三景」は、すべて『小倉百人一首』に詠まれている。,×,
9,近畿,10,相撲で、うっかり土俵の外に足を出してしまうことを「勇み足」といいますが、これを発見されずに勝つことを、関取たちは「しのび足」と呼んでいる。,○,
9,近畿,11,「イモムシ」は、もともとイモの葉っぱを好んでたべるところからその名が付いた。,○,
9,近畿,12,切手もお札と同じように、３分の２以上残っていれば新しい物と交換してもらえる。,×,
9,近畿,13,ミノムシのミノを作るのは、親の役目である。,×,
9,近畿,14,環境庁が定めた「名水百選」。すべて飲料水としての検査に合格している。,×,
9,近畿,15,日本の裁判所の裁判官には、定年はない。,×,
9,近畿,準決勝,奈良町からもその姿を見ることができる、現在(1989年)の興福寺の五重の塔は、江戸時代に再建されたものである。,×,
9,近畿,準決勝,走れば走るほど疲労がたまりますが、血液中の赤血球も疲れてしまうのか減少してしまう。,×,
9,近畿,準決勝,世界標準時の基準となっているグリニッジ子午線を０度と定めたのは、今世紀に入ってからである。,×,
9,近畿,準決勝,映画『インディ･ジョーンズ/最後の聖戦』に初登場！父親を演じるショーン・コネリーの役柄は、息子と同じ考古学者である。,○,
9,近畿,準決勝,奈良県でもっとも生産量の多い農産物は、「奈良漬け」でおなじみのウリである。,×,
9,近畿,準決勝,江戸時代の代表的な俳人松尾芭蕉、与謝蕪村は奈良の句を詠んでいますが、小林一茶は一句も詠んでいない。,×,
9,近畿,準決勝,紀州でとれるミカンもナツミカンも、ミカン科の植物である。,○,
9,近畿,準決勝,男子フルマラソンの世界記録ベスト３に、日本選手は入っている。,×,
9,近畿,準決勝,経済大国日本を訪れる外国人は、観光客よりもビジネスマンの方が多い。,×,
9,近畿,準決勝,高松塚古墳の壁画に描かれている人物は、すべて女性である。,×,
9,近畿,準決勝,町に秋を知らせるトンボの種類は、奈良町の人口1183人よりも多い。,○,
9,近畿,準決勝,他人のふところを左右する公認会計士。成人に達していない高校生は、その資格試験を受けることもできない。,×,
9,近畿,準決勝,フーコーが地球の自転を証明した時登ったパリのパンテオン寺院は、奈良市のシンボルである興福寺の五重の塔よりも高い。,○,
9,近畿,準決勝,小生、辛抱治郎が「クイズ党」を名乗って参議院に当選！さて、議員１人でもクイズ党を保護するための議案を提出することができる。,×,
9,近畿,準決勝,奈良といえば、墨とうちわが有名ですが、ともに生産量は日本一である。,×,
9,近畿,準決勝,西行、寂蓮（じゃくれん）、定家がいずれも「秋の夕暮れ」と詠んだ和歌を、特に三夕といいますが、この和歌が収められているのは『新古今和歌集』である。,○,
9,近畿,準決勝,フワフワとふくれるパンのイースト菌。このイーストとは「泡」という意味である。,○,
9,近畿,準決勝,奈良県の「奈」と「良」は、同じ学年で習う漢字である。,×,
9,近畿,準決勝,気象庁が発表する「春一番」の定義には、風の吹く時期や方角の他に、風の強さも決められている。,○,
9,近畿,準決勝,奈良県は海のない県ですが、１９８９年現在、協会に加入している全国の水族館の数は、４７都道府県の数よりも少ない。,×,
9,近畿,準決勝,法隆寺にある「玉虫の厨子」は有名ですが、玉虫はコガネムシ科の昆虫である。,×,
9,近畿,準決勝,あだち充の人気スポーツマンガ『ラフ』の登場人物、二ノ宮亜美は水泳部ですが、大和圭介が在籍しているのは陸上部である。,×,
9,近畿,準決勝,果物の栄養をたとえたことわざ。日本では「カキが赤くなると医者が青くなる」といいますが、イギリスで同じ意味のことわざに出てくる果物は「リンゴ」である。,○,
9,近畿,準決勝,奈良県にある国宝は、すべて記念切手になっている。,×,
9,近畿,準決勝,最近、各地にアメリカの大学の日本分校が開校していますが、アメリカにも日本の大学の分校がある。,○,
9,近畿,準決勝,出身地は２人とも東京、生まれた星座も同じ魚座。人気デュオ、WINKのサッチンとショーコは、血液型も同じである。,×,
9,近畿,準決勝,1989年現在、日本相撲協会の理事長は二子山親方ですが、親方の中には「ミツゴヤマ親方」もいる。,×,
9,近畿,準決勝,「ピーターパン」「ナポレオン」「ピエロ」。この３つに共通する洋服の部分はポケットである。,×,
9,近畿,準決勝,チンパンジーも笑う。,○,
9,近畿,準決勝,サルには双子は生まれない。,×,
9,近畿,準決勝,消費税の導入で財布の出入りが激しい「１円玉」。最初に作られた時からアルミニウムであった。,×,
9,近畿,準決勝,気象庁が使う天気図の中には、「天気不明」という記号もある。,○,
9,近畿,準決勝,「北斗七星」は有名ですが、「南斗六星」という星座もある。,○,
9,近畿,準決勝,夏ミカンとグレープフルーツ。食品成分表の表示によると水分の量が多いのは夏ミカンの方である。,×,
9,近畿,準決勝,総理大臣を辞職すると、国から退職金がもらえる。,○,
9,近畿,準決勝,大相撲の立ち合いで、３回以上「まった」をすると負けになる。,×,
9,近畿,準決勝,「ミルクセーキ」とは、ミルク・シェイクがなまったものである。,○,
9,近畿,準決勝,あの「東京ドーム」の屋根は閉じたままですが、世界にはすでに屋根が開いたり閉まったりするドーム球場もある。,○,
9,近畿,準決勝,地下街にある店の住居表示は、真上にある地上の店とまったく同じにしなければならない。,×,
9,近畿,準決勝,レオナルド・ダ・ヴィンチが『モナ・リザの微笑』を描いたときは、モナ･リザは独身であった。,×,
9,近畿,準決勝,「韋駄天」という神が足の速いことにたとえられるのは、逃げた泥棒を追いかけたという言い伝えがあるからである。,○,
9,近畿,準決勝,ダイナマイトを発明したノーベル博士の本名は、アルフレッド・ダイナマイト・ノーベルである。,×,
9,四国,1,「弘法も筆のあやまり」「YES・NOは運命のあやまり」。四国で生まれた空海。寺の記録によると、その名の由来は、四国の青い空と海にちなんでいる。,○,
9,四国,2,嘘をつくことを「二枚舌を使う」というのに対して、正直なことを「一枚舌を使う」という。,×,
9,四国,3,強くて手ごわい相手を「大敵」といいますが、たやすく打ち負かせる弱い敵は「小敵」という。,○,
9,四国,4,夏目漱石は『我輩は猫である』を書きましたが、江戸家猫八は『我輩は猫ではない』を書いた。,○,
9,四国,5,北半球と南半球のちょうど真ん中にある赤道上では、昼と夜の長さは１年中同じである。,○,
9,四国,6,JRは、定期券の他に駅に入るための定期入場券というのも発行している。,○,
9,四国,7,「ラッキー７」とは、アメリカの大リーグで何度も７回に大逆転したことから、そう呼ばれるようになった。,○,
9,四国,8,ソビエトのゴルバチョフ書記長が進めている「ペレストロイカ」とは、「３頭立ての馬車」という意味もある。,×,
9,四国,9,「高校生クイズ」に応募するときに君達も使った印鑑の朱肉の色は、法律で朱色と決められている。,×,
9,四国,10,１９８９年現在、アメリカで発行されているお金の肖像は、すべて大統領経験者である。,×,
9,四国,11,カタツムリの殻のないものがナメクジである。,×,
9,四国,12,時代は「昭和」から「平成」へと移りましたが、日本の元号は現在まで、すべて漢字２文字である。,×,
9,四国,13,キツツキの大型のものに、キタタキという種類のものもいる。,○,
9,四国,14,母の日に贈るカーネーション。もともとは、ヨーロッパの水辺に咲く野生の花であった。,×,
9,四国,15,かつて『少女A』を歌った中森明菜の血液型は、A型である。,○,
9,四国,16,女性の職場進出が盛んな我が国ですが、校長先生と教頭先生がともに女性の小学校は１つもない。,×,
9,四国,17,立った姿で泳ぐ「タチウオ」も急いで泳ぐ時は、普通の魚のように横になって泳ぐ。,○,
9,四国,18,野球の「サヨナラホームラン」。本場アメリカでも「グッバイホームラン」という。,×,
9,四国,19,夜空に輝く８８の星座に「こうま座」はありますが、「うま座」はない。,○,
9,中国,1,四方を陸に囲まれている瀬戸内海の海水。夏と冬の塩分を比べてみると、水分の蒸発しやすい夏の方が濃い。,×,
9,中国,2,「即席のカップめん」。全国の高校生が毎日１食ずつ食べていくと、1988年度の生産量を1ヶ月で食べつくしてしまう。,×,
9,中国,3,「野球のユニホームに野球のボールをデザインしてはいけない」という決まりがある。,○,
9,中国,4,「正五角形」のタイルを何枚も壁にはり合わせていくと、必ず隙間ができる。,○,
9,中国,5,日本における「最大風速」と「最大瞬間風速」をともに記録しているのは、富士山である。,○,
9,中国,6,全国の市長さんの数は、国会議員よりも多い。,×,
9,中国,7,海の深さは満潮の時に測定しますが、川の深さは大雨の降った翌日に測定している。,×,
9,中国,8,名作『老人と海』を書いたあのヘミングウェイは、後に『若者と山』という小説も書いた。,×,
9,中国,9,サラダにかけるドレッシングは、「ドレスのようにサラダに着せかけること」からその名が付いた。,○,
9,中国,10,海鳥といえども、しょっぱい海水は飲まない。,×,
9,中国,11,平たいカレイやヒラメをまとめて、英語では「フラットフィッシュ」という。,○,
9,中部,1,長野県は、村の数が日本一多い県ですが、日本全国47都道府県の中には、「村」が１つもない県もある。,○,
9,中部,2,岐阜県の鵜飼いは、『日本書紀』にも登場する日本古来のものですが、これは、世界で日本だけが行っている漁法の１つである。,×,
9,中部,3,静岡県は、プラモデルの生産量日本一の県ですが、プラモデルの種類で1番多く作られているのは、子供達に人気の「ロボット」のモデルである。,×,
9,中部,4,三重県にある「鈴鹿サーキット」は、日本で最初に作られた国際レース場ですが、1989年のＦ１レースで、立体交差のあるレース場は世界で唯一、鈴鹿サーキットのみである。,○,
9,中部,5,尾張名古屋は城でもつ……。天下を取った徳川家康が築城した「名古屋城」。その天守閣に輝く金のシャチホコは、戦に勝つ守り神の象徴である。,×,
9,中部,6,日本の気象台で、オーロラが観測されたことはない。,×,
9,中部,7,世界で最初にナイロンを使用した製品は、ストッキングだった。,×,
9,中部,8,「サッカー」「バレーボール」「バスケットボール」。この３つの競技の日本リーグは、すべて東京オリンピック以後に作られたものである。,○,
9,中部,9,「ボイコット」という言葉は、昔、ボイコットさんという人が、人々から総スカンをくらったことから生まれた。,○,
9,中部,10,女子のサッカーの試合では、「胸に飛んできたボールは手で受け止めてよい」という公式ルールもある。,×,
9,中部,11,野球の「ストライク」と労働組合の「ストライキ」はまったく同じ単語である。,○,
9,中部,12,1989年現在製造されている日本の硬貨で、磁石に吸い付くものは１つもない。,○,
9,中部,13,相撲の力士。モミアゲを伸ばしてもいいが、ヒゲを伸ばしてはいけないと決められている。,×,
9,中部,14,南極にある日本の２つの基地「昭和」も「あすか」も、時間は日本時間を採用している。,×,
9,中部,15,タレントの好感度ナンバーワンといわれた明石家さんまですが、日本でもっとも漁獲量が多い魚もサンマである。,×,
9,中部,16,ヤリ投げのヤリは、長さ、重さが決められていますが、棒高跳びの棒は、長さ、重さが決められていない。,○,
9,中部,17,隠れ家や秘密本部を「アジト」といいますが、これは古代インドのアジタン王が山にたてこもったことから生まれた言葉である。,×,
9,中部,18,平安時代を代表した女流歌人の清少納言と紫式部。2人は、ともに母であった。,○,
9,中部,19,キャラメルとチョコレート。日本で先に売られたのは、キャラメルの方である。,×,
9,東北,1,♪会津磐梯山は宝のコリャ山よ♪と福島県の民謡に歌われる会津磐梯山は、その昔、本当に金や銀が発掘され、人々の暮らしを豊かにしたことから「宝の山」といわれるようになった。,×,
9,東北,2,自然に恵まれた東北地方ですが、環境庁が選んだ日本の巨木「大きな木」のベスト10には、もちろん東北の木も入っている。,×,
9,東北,3,高齢化社会が進む日本。65歳以上の老年人口と15歳未満の年少人口を比べると、65歳以上の方が多い。,×,
9,東北,4,答えは「ＹＥＳ！」という私の言葉を「鶴の一声」というのに対し、「YES」「NO」と一斉に言い合うことをスズメが1000匹ということで「雀の千声」という。,○,
9,東北,5,まったく陽のあたらないところに育つ「モヤシ」にもビタミンＣはある。,○,
9,東北,6,熱気球は成層圏でも飛べる。,○,
9,東北,7,『日本国憲法』に、「東京」は日本の首都と明記されている。,×,
9,東北,8,濃い食塩水にニワトリの卵を入れると浮かびますが、濃い砂糖水に入れてもやはり浮かぶ。,○,
9,東北,9,一面氷におおわれた南極大陸の最高峰は、日本一の山「富士山」よりも高い。,○,
9,東北,10,当代の人気作家、赤川次郎、西村京太郎、村上春樹の3人は、ともに芥川賞も直木賞も受賞していない。,○,
9,東北,11,1989年で15回目を迎えた先進国首脳会議「サミット」。参加している国は、第1回からまったく同じである。,×,
9,東北,12,惑星の周囲を運動する衛星は、必ず惑星と同じ方向に公転している。,×,
9,東北,13,英語では「活け花」を「ジャパニーズフラワーアレンジメント」といいますが、「茶道」は「ザ・ティーアクト」という。,×,
9,北陸,1,北陸が世界に誇る黒四ダム。このダムが１時間に発電できる最大出力量の電力で、上越新幹線を走らせると、君達の目指すアメリカ大陸を一気に横断することができる。,○,
9,北陸,2,日本の国土の半分以上は、豪雪地帯に指定されている。,○,
9,北陸,3,立山に棲むライチョウは、特別天然記念物に指定されていますが、日本の国鳥とされるキジも、もちろん天然記念物に指定されている。,×,
9,北陸,4,「ハエ」には「肺」はない。,○,
9,北陸,5,大相撲で対戦相手が同時に休場となった場合、両者とも「不戦敗」となる。,○,
9,北陸,6,「切手」という言葉は、もともと「切符」と「手形」という言葉を合わせて作ったものである。,○,
9,北陸,7,野菜のキュウリは、「木になるウリ」というところからその名がついた。,×,
9,北陸,8,ムカデは漢字で「百足」と書きますが、実際には１００本以上足のあるムカデはいない。,×,
9,北陸,9,悪いことをした時にあたる「バチあたり」の「バチ」と、「罪と罰」の「罰」は同じ漢字を書く。,○,
9,北陸,10,家庭用の冷蔵庫の冷凍室に、ソースとしょうゆを入れた場合、どちらも絶対に凍らない。,×,
9,北陸,11,野球のファインプレー。アメリカでは、曲芸的なキャッチをすることから、「サーカスキャッチ」という。,○,
9,北陸,12,「五里霧中」とは、「霧の中では五里（約20km）進むのがやっと」という意味から生まれた言葉である。,×,
9,北陸,13,グレープフルーツは、ブドウの房と同じように木になる。,○,
9,北陸,14,インコの仲間に「オカメインコ」はいますが、「オタフクインコ」もいる。,×,
9,北海道,1,阿寒湖のマリモ。根釧原野のタンチョウなど雄大な自然が広がる北海道。やはり、天然記念物の数も日本一である。,×,
9,北海道,2,四方を海に囲まれている北海道は、全国一灯台が多い。,○,
9,北海道,3,霜柱は砂浜にもできる。,×,
9,北海道,4,英語で目のことを「eye」といいますが、北海道名産のジャガイモの芽も英語では同じく「eye」という。,○,
9,北海道,5,足にできる「タコ」が、さらにひどくなると「ウオノメ」になる。,○,
9,北海道,6,世界に14ある海抜8000m以上の山は、すべて征服されていますが、1人で14すべての頂上に立った人はまだいない。,×,
9,北海道,7,陸上競技の日本記録は、この10年間ですべて塗り換えられた。,×,
9,北海道,8,ノーベル賞を受賞した日本人は、奇しくも国民栄誉賞を受賞した数と同じ7人である。,○,
9,北海道,9,縁日などでおなじみの「わたあめ」。英語でも「コットンキャンディー」という。,○,
9,北海道,10,1989年6月、国土地理院が全国59の山の高さを訂正しましたが、その中には従来の高さよりも低くなった山がある。,○,
9,北海道,11,日本では、クジ付きハガキを発行することはできますが、クジ付き切手を発行することはできない。,×,
10,沖縄,1,太陽の輝く沖縄。１日の最高気温が３０度に達する真夏日を英語で「トロピカル・デー」という。,○,
10,沖縄,2,日本で１番先に梅雨を迎え、もっとも早く梅雨明けとなる沖縄県。梅雨の期間もやはり日本一短い。,×,
10,沖縄,3,夏に涼しい藤の椅子。材料は、藤のツルを乾燥させたものである。,×,
10,沖縄,4,中途半端なことを「生半可（なまはんか）」といいますが、これを英語では生焼け「half baked」という。,○,
10,沖縄,5,ロケットの推進原理は、あのイカの泳ぎ方とまったく同じである。,○,
10,沖縄,6,夏の果物の「スイカ」と「夏ミカン」。１００グラム中のカロリーが高いのは、やはり甘いスイカである。,×,
10,沖縄,7,野菜のサトイモは、昔、人里近くで栽培したことから「里イモ」とその名が付いた。,○,
10,沖縄,8,沖縄県那覇市を通る緯度と経度を地球の裏側へ向かって延長すると、再び交わるのはアメリカ本土である。,×,
10,沖縄,9,テントウムシもカブトムシも、テントウムシ科の昆虫である。,×,
10,沖縄,10,理科の実験道具「アルコールランプ」と「ローソク」。炎の温度がより高いのは、照明にも使われるローソクの方である。,×,
10,沖縄,11,十二指腸とは、指を１２本並べたくらいの長さということで「十二指腸」と呼ばれる。,○,
10,沖縄,12,長さの単位「メートル（ｍ）」は、ギリシャのメートル博士からその名をとったものである。,×,
10,沖縄,13,「模造紙」という紙は、もともと日本の和紙を模造したという意味からその名がついた。,○,
10,関東,1,西武球場を地球のド真ん中に見て、月から写真を撮ると、１９９０年現在の国連加盟国１５９カ国のうち、半分以上の国を写すことができる。,×,
10,関東,2,１９９０年、高校の国語の教科書に、俵万智のサザンオールスターズを詠んだ短歌が採用されることになりましたが、彼女の作品の中には「クイズ」を詠んだ歌がある。,×,
10,関東,3,歴史上、君たちの目指すアメリカの国籍をとった日本人第１号は、あのジョン万次郎である。,×,
10,関東,4,食べ物に砂糖をたくさん使うと、より腐りやすくなる。,×,
10,関東,5,日本で最初に飛行場ができたのは、埼玉県である。,○,
10,関東,6,蚊取り線香は、日本人の平均睡眠時間で燃え尽きるように作られている。,○,
10,関東,7,重要無形文化財の人間国宝には、予算の都合上、定員がある。,○,
10,関東,8,宇宙にロケットを発射する場合、赤道に近ければ近いほど、エネルギーは少なくてすむ。,○,
10,関東,9,一般の道を馬に乗って走る場合、バイクと同じようにヘルメットをかぶらなければならない。,×,
10,関東,10,JRの特急列車。冷暖房が故障した場合も、特急料金の払い戻しを受けることができる。,○,
10,関東,11,日本の総理大臣で、最も若くして就任したのは、初代の伊藤博文である。,○,
10,関東,12,参加することに意義があるオリンピック。参加選手に年齢制限はない。,×,
10,関東,13,非常に似ていることを「瓜二つ」といいますが、英語では「豆二つ」という。,○,
10,関東,14,１９９０年現在、お札の肖像に使われている人を、長生き順に並べると、額面通り福沢諭吉、新渡戸稲造、夏目漱石の順番になる。,×,
10,関東,15,ピーナッツを「落花生」というのは、花が地面に落ちて、土の中に実がなるためである。,○,
10,関東,16,お菓子作りに欠かせない卵。新鮮な産みたて卵ほど泡立てやすい。,×,
10,九州,1,知力の神様・菅原道真が祀られている日本国中の「天満宮」を数えていくと、１９９０年、九州大会に参加をした６５４６人よりも「天満宮」のほうが多い。,○,
10,九州,2,「台風」と呼ばれるためには、「中心最大風速」の他に、「発生場所」も条件に含まれる。,○,
10,九州,3,東京で１キロのものを南半球・昭和基地で量ると、１キロより軽くなる。,×,
10,九州,4,「ゆびきりげんまん」の「げんまん」とは、握りこぶしで１万回打つという意味である。,○,
10,九州,5,「灯台もと暗し」の「灯台」とは、海を照らすあの「灯台」のことである。,×,
10,九州,6,印刷技術の優れている日本。外国のお札も印刷して輸出している。,×,
10,九州,7,「女社長」が続々誕生していますが、現在、日本の女子大学には、「経営学部」を持つ大学はない。,○,
10,九州,8,「きちょうめんな性格」というときの「きちょうめん」とは、もともときちんと帳面をつけていた人のことをいったものである。,×,
10,九州,9,夜明けを指す言葉「暁」と「あけぼの」。時間的に早いのは「暁」である。,○,
10,九州,10,今や、高校生の必需品ともいわれる電話。プッシュホンの数字の配列は、全世界同じと決められている。,○,
10,九州,11,×TTの電話帳に１人で２つ以上の電話番号を載せることはできますが、１つの電話番号に２人以上の名前を登録することはできない。,×,
10,九州,12,合図につかう「ホラ貝」。英語では「トランペット・シェル」という。,○,
10,九州,13,羽毛に覆われた鳥の中には、冬眠するものもいる。,○,
10,九州,14,日本の「文化勲章」。外国人は受賞することができない。,×,
10,九州,15,１人の大臣が２つの大臣を兼務した場合、給料は２人分もらえる。,×,
10,近畿,1,姫路城の天守閣をバケツに見立てて瀬戸内海の海水をいっぱいに満たすと、その海水からとれる塩の量は、塩の町赤穂で生産される１日分の塩よりも多い。,×,
10,近畿,2,「一生懸命」とは、もともと武士が戦場で殿様のために命懸けで戦ったことをいった言葉である。,×,
10,近畿,3,およそ1200年前に造られた「東大寺の大仏」。造られた当時の部分は、まったく残っていない。,×,
10,近畿,4,１５０種以上もの植物が詠まれている『万葉集』に、日本を代表する菊の花は１首も詠まれていない。,○,
10,近畿,5,「ウ」に濁点をつけてはじめて「ヴ」としたのは、『学問のススメ』の福沢諭吉である。,○,
10,近畿,6,文学賞のひとつ、あの「直木賞」は作家・直木三十五を記念して設立されたものですが、始まったのもその名の通り１９３５年である。,○,
10,近畿,7,日本の天気図の記号、「白い丸」は快晴、「黒い丸」は雨ですが、この２つをたして、上半分を白く下半分を黒くしたものは「小雨」を示す。,×,
10,近畿,8,小粒でピリリと辛い「山椒」。実は、ミカン科の食物である。,○,
10,近畿,9,アメリカ合衆国「ユナイテッド・ステーツ・オブ・アメリカ」の名付け親は、初代大統領のジョージ・ワシントンである。,×,
10,近畿,10,柔らかくしたなめし革「スエード」の語源は、「スウェーデン」である。,○,
10,近畿,11,ジャガイモの品種には、「男爵イモ」の他に「伯爵イモ」と呼ばれるものもある。,○,
10,近畿,12,１９９０年の干支は「午（うま）」。人間の歯の数は男女同じですが、ウマの歯オスとメスでは数が違う。,○,
10,近畿,13,「かめばかむほど味が出る」といいますが、爬虫類のカメにもわずかながら歯がある。,×,
10,近畿,14,日本の代表的スポーツである「柔道の決まり技」と「相撲の決まり手」。多いのは「柔道の決まり技」の方である。,○,
10,近畿,15,「お茶の渋味」と「シブ柿の渋味」。成分はまったく同じである。,○,
10,近畿,16,日本で発行されたお札の肖像画に女性が描かれたことはない。,×,
10,近畿,17,花のミツを集めるミツバチは、自分がせっかく集めたハチミツを食べることはない。,×,
10,近畿,18,中国の山の中に生息する野生のパンダは冬眠する。,×,
10,近畿,19,日本で１日に消費される牛乳を総人口で割ると、１人１日２００シーシーの牛乳ビン１本以上を飲んでいることになる。,×,
10,四国,1,ここ四国・岡山５県から、郷土の代表が数多く近代オリンピックに参加していますが、その歴史をさかのぼると、５県すべてからゴールドメダリストが誕生している。,×,
10,四国,2,１９９０年に誕生予定の「統一ドイツ」。統一後の面積は日本より広い。,×,
10,四国,3,１９９０年現在、世界で１番発行部数が多い新聞は、日本の新聞である。,○,
10,四国,4,プロ野球が誕生してから現在まで、セ・パ１２球団のどこの球団にも、必ず四国・岡山５県の出身監督がいる。,×,
10,四国,5,イギリスの船長のキャプテン・クックによって発見されたハワイは、１度もイギリス領になったことはない。,○,
10,四国,6,高校生クイズは第１０回を迎えますが、君たちが日本一を決するあの富士山も１０回以上の噴火が記録に残っている。,○,
10,四国,7,世界の６大陸の最高峰は、すべて富士山より高い。,×,
10,四国,8,人気アニメのムーミン一家も冬眠する。,○,
10,四国,9,総理大臣のなかで、在職期間がもっとも長かったのは、ノーベル平和賞の佐藤栄作さんである。,×,
10,四国,10,野球で使う「ブロックサイン」。これは、和製英語である。,○,
10,四国,11,１周４００メートルの陸上競技のトラック。その距離はもっとも内側を測ったものである。,×,
10,四国,12,平凡なことを「月並み」といいますが、月並み以上に平凡なことは「スッポン並み」という。,×,
10,四国,13,悪い人を「よこしまな人」といいますが、善い人は「たてじまな人」ともいう。,×,
10,四国,14,インド料理でお馴染みの「カレー」とは、インドのコトバでも「辛い」という意味である。,×,
10,中国,1,ここ中国地方４県は、さすがに中国というだけあって、お隣の国「中国」と、すべて「姉妹都市」の関係を結んでいる。,×,
10,中国,2,暑さの目安となるものに「不快指数」がありますが、不快指数８０とは、１００人中８０人が不快という意味である。,×,
10,中国,3,学期末にもらう「通知表」は、学校教育法の中で発行するようにと定められている。,×,
10,中国,4,日本では、どんなに強いプロボクサーでも、ライセンスに定年がある。,○,
10,中国,5,中国の長～いもの！「万里の長城」と「揚子江」。その長さを比べると、人間の作った「万里の長城」のほうが長い。,○,
10,中国,6,カタツムリは、木の年輪と同じように、成長するにつれて殻のうず巻きが増えていく。,○,
10,中国,7,官製ハガキ２枚をテープでつなぎあわせると、往復ハガキとして使うことができる。,×,
10,中国,8,魚のトビウオが空を飛ぶのは、大きな魚に追われて逃げるためである。,○,
10,中国,9,現在発行されているお金を、古いお金と同じように額面より高く売買すると法律違反になる。,×,
10,中国,10,アジアで、初めてノーベル賞を受賞したのは日本人である。,×,
10,中国,11,人間の一生の中で、身長が１番伸びるのは、成長盛りの中学時代である。,×,
10,中国,12,大人気の「使いすてカメラ」。通産省の分類によると、カメラではなくフィルムとして扱われる。,○,
10,中国,13,島国日本とイギリス。人口も面積も多いのは日本の方である。,○,
10,中国,14,日本の夜明けのきっかけとなったペリー率いる４隻の軍艦「黒船」が、アメリカを出発したのは、カリフォルニア州のサンフランシスコである。,×,
10,中国,15,サメの種類に「ネコザメ」と「ネズミザメ」がいますが、「ネコザメ」は三毛猫などと同じように「ネズミザメ」を見たらやはり追いかける。,×,
10,中国,16,ミツバチの中の「女王蜂」。生まれたときから女王蜂である。,×,
10,中国,17,梨の種類「二十世紀」は、本当に二十世紀になってから発見された。,×,
10,中国,18,１年のうちで、太陽と地球が最も近付くのは「夏至」のときである。,×,
10,中国,19,日本では、生存中の人を切手の図柄に使用することは法律で禁止されている。,×,
10,中国,20,自転車で、制限速度時速２０キロの道路を３０キロで走ると、スピード違反で処罰される。,○,
10,中国,21,世界で最大出力の火力発電所を持つのは、天然ガスの豊富なカナダである。,×,
10,中国,22,男性の礼服「燕尾服（えんびふく）」。英語でも「Swallow-tailed-coat」という。,○,
10,中部,1,「名古屋城の鯱ほこ」。同じ形のものを純金で２つ造ると、その金の量は１９８９年１年間に日本で採れた金の量よりも多い。,×,
10,中部,2,日本全国にある５８７の村のうち、人口の最も少ない村は、東京都にある。,○,
10,中部,3,気象観測システムを「アメダス」といいますが、地震の早期警報システムは「ユレダス」という。,○,
10,中部,4,世界でトマトの生産量が最も多いのは、スパゲッティの本場イタリアである。,×,
10,中部,5,アニメのミッキーマウス。デビュー当時の声は、作者であるウォルト・ディズニー自身であった。,○,
10,中部,6,ヒットすると続編の出る本。実は、あの『万葉集』にも続編の『万葉集』があった。,○,
10,中部,7,口から水を発射する「テッポウウオ」。英語では「Gu× fish」という。,×,
10,中部,8,南極には各国の基地がありますが、さすがに、観光客用の「ホテル」はない。,×,
10,中部,9,血を吸う蚊は、１度血を吸うと次も同じ血液型を好んで吸う習性もある。,×,
10,中部,10,１９９０年は、記念すべき第１０回大会。ところで貝の仲間には「じゅっ貝」という貝がある。,×,
10,中部,11,乾電池も、暑いところに置いておくと、早くバテてしまう。,○,
10,中部,12,「万年筆」は温めるとインクの出がよくなりますが、「色鉛筆」も温めるとやはり色が濃くなる。,○,
10,中部,13,内閣発足のとき、大臣の名前は、予算の多い省庁から順番に発表される。,×,
10,中部,14,「ブッポウソウ」の仲間に「カワセミ」という鳥がいますが、「ヤマセミ」という鳥もいる。,○,
10,中部,15,学校などでよく集める「ベル・マーク」。最初に考え出したのは、電話を発明したグラハム・ベルである。,×,
10,東北,1,日本一深い田沢湖を満水にして、地球上に住む５１億人が生きるために必要とされる１人１日３リットルの水を１年間飲み続けても、田沢湖の水は余る。,○,
10,東北,2,食糧庁の調べによると、収穫した米を１番多く他の都道府県へ送り出しているのは、米どころ秋田県である。,○,
10,東北,3,童謡『めだかの学校』で、メダカの群れを学校にたとえていますが、英語でもメダカの群れを「school」という。,○,
10,東北,4,「大根役者」のことを、英語ではアメリカを代表する野菜にたとえて「ポテト・スター」という。,×,
10,東北,5,野菜のシュンギクは、観賞用のキクの花を品種改良したものである。,×,
10,東北,6,アメリカの「南北戦争」と日本の「西南戦争」。先に始まったのはアメリカの南北戦争の方である。,○,
10,東北,7,卓球競技も、テニス同様にラケットを両手で持って打ってもルール違反にはならない。,○,
10,東北,8,裸足のサルも水虫になる。,×,
10,東北,9,日本の味「豆腐」は、文字どおり豆を腐らせて作ったところからその名がついた。,×,
10,東北,10,「みずがめ座」「やぎ座」「いて座」など星占いに用いられる１２星座は、すべて日本で見ることができる。,○,
10,東北,11,１９９０年で１４回目を迎えた、世界で最もレベルの高いといわれる「ワールドカップ・サッカー」。これまでのすべての大会に出場している国がある。,○,
10,東北,12,立派な位につくことを「出世」といいますが、これはもともと武士が殿様になることをいった言葉である。,×,
10,北陸,1,時は戦国！上杉謙信が最大勢力を誇ったときの範囲は、現在の北陸４県の総面積より広かった。,×,
10,北陸,2,「スーパーマン」は、愛する人を助けるために地球の自転を反転させましたが、あの「鉄腕アトム」も人類を助けるために地球の軌道を変えた。,×,
10,北陸,3,さびない鋼鉄という意味の「ステンレス」は、その意味の通り絶対にさびない。,×,
10,北陸,4,米には「モチ米」と「ウルチ米」がありますが、麦にも「モチ麦」と「ウルチ麦」がある。,○,
10,北陸,5,陸上競技の「ヤリ投げ」で、投げたヤリにカラスなどの鳥がぶつかると、当然もう１度やり直しになる。,○,
10,北陸,6,国語辞典の『広辞苑』でアメリカの州をひいたとき、１番最初に出てくるのはアイオワ州である。,×,
10,北陸,7,命からがら生きのびることを「九死に一生を得る」といいますが、それよりはなはだしくひどいときは「十死に一生」という。,○,
10,北陸,8,花の色が微妙に美しく変わる「アジサイ」。英語では「レインボーフラワー」という。,×,
10,北陸,9,試験に落ちることを「落第」といいますが、これはインドで経文をもらいそこなった中国のお坊さん「ラクダイ」の名に由来する。,×,
10,北陸,10,学校のテストなどで「ヤマをかける」ことを「ヤマカン」といいますが、これは山本勘助さんという人の名前を略していったものである。,○,
10,北陸,11,水面のエサをとりやすいように、目よりも上に口が付いてるメダカは、水の底にあるエサは逆立ちをしてとる。,○,
10,北陸,12,アメリカ歴代大統領のファースト･ネームで最も多いのは、現大統領のブッシュさんと同じ「ジョージ」である。,×,
10,北海道,1,農林水産省の統計によると、県の総面積のうち、農作物を栽培する耕地面積の割合が最も高いのは、ここ北海道である。,×,
10,北海道,2,北海道の開拓第１歩が始まった年、ここ札幌の人口はわずか１０人にも満たなかった。,○,
10,北海道,3,国を代表する日本の国鳥「キジ」は、北は北海道から南は沖縄まで、日本各地に生息している。,×,
10,北海道,4,国連の統計によると、世界でもっとも多く飼育されている家畜は「ウシ」である。,○,
10,北海道,5,１９８０年現在、国連に加盟している国の半数以上は、日本より後の加盟国である。,○,
10,北海道,6,日本の代表的な花「桜」と「梅」。『万葉集』では、「桜」より「梅」を詠んだ人の方が多い。,○,
10,北海道,7,血を吸うカは、双翅目カ科である。,○,
10,北海道,8,ソビエト原産の犬「シベリアンハスキー」は、遠吠えをするその声がしわがれているため「ハスキー」という名が付いた。,○,
10,北海道,9,手にすっぽりおさまる「文庫本」は、「官製ハガキ」と同じ大きさである。,×,
10,北海道,10,日本で１番多く生産される野菜は「ダイコン」である。,○,
10,北海道,11,オリンピックのメダル。同じ大会であっても、「金」「銀」「銅」すべてデザインは違う。,×,
10,北海道,12,「ワシ」と「タカ」。どちらも「ワシタカ科」の鳥である。,○,
10,北海道,13,ワシには、頭に毛のない「ハゲワシ」もいれば、ヒゲ模様のある「ヒゲワシ」もある。,○,
10,北海道,14,日本の政令指定都市は１１都市ですが、そのすべてに地下鉄が走っている。,×,
10,北海道,15,お隣・中国の「十二支」は、日本でいう「ネコ」の代わりに「ブタ」が入っている。,○,
11,沖縄,1,沖縄の宿命の対決！　ハブとマングースの死闘は、江戸時代からあった。,×,
11,沖縄,2,毒の強さで恐れられているハブは、卵の中にいるときから毒を持っている。,○,
11,沖縄,3,４７都道府県で、人口の増えた県と減った県。１９９０年の統計によると、人口の増えた県のほうが多い。,○,
11,沖縄,4,世界で最初にオートバイを製造した国はアメリカである。,×,
11,沖縄,5,島の名前で、１番多い名前は「大島」。２番目に多いのは「小島」である。,○,
11,沖縄,6,日本で１番多い干支は、君たち３年生と同じ「丑年」である。,○,
11,沖縄,7,沖縄名産の「黒砂糖」。欧米では「ブラウンシュガー」と呼ぶ。,×,
11,関東,1,（欠　本の関東大会のページにあるっぽい）,×,
11,関東,2,アメリカ大陸を発見した５００年前のコロンブスが想像していたスペインから、黄金の国ジパング迄の距離は、大西洋横断飛行に成功したリンドバーグの平均時速で行くと、わずか１日でたどり着く。,×,
11,関東,3,貴花田が持つ「幕内勝ち越し最年少記録」。第２位は父親である藤島親方の元貴ノ花である。,○,
11,関東,4,法律で認められている人名用漢字（人の名前に使える漢字）は２００字以下である。,×,
11,関東,5,年上と結婚することはできるが、年上を養子にすることはできない。,○,
11,関東,6,「カミソリ」は、もともと髪の毛を剃るためのものであったことからカミソリという。,○,
11,関東,7,交響曲の王、ベートーベンは、生涯にオペラは一曲も作らなかった。,×,
11,関東,8,「アリジゴク」は、獲物を待って一生同じ場所にいる。,×,
11,関東,9,厚生省によると、１日あたりの１人のゴミ排出量がもっとも多いのは東京都である。,×,
11,関東,10,昆虫には骨がない。,○,
11,関東,11,サザエさん一家が、新聞の４コマ漫画登場以来、毎年敏をとっていたとすると、カツオ君は５０歳を超えている。,○,
11,関東,12,地球上でもっとも種類の多い昆虫は「チョウチョ」である。,×,
11,関東,13,真空中でマッチをすっても、絶対に火はつかない。,×,
11,関東,14,人間の筋肉には「ヒラメ筋」があるが、「カレイ筋」もある。,×,
11,関東,15,「鯖雲」とは、鯖が大量のときによく見られることからその名がついた。,×,
11,関東,16,大相撲の行司が持つ「軍配」。絵柄のデザインは自由である。,○,
11,関東,17,球技の「ドッジボール」。日本に紹介された当時は「デッドボール」と呼ばれていた。,○,
11,関東,18,投票率がいくら低くても、選挙は無効とはならない。,○,
11,関東,19,大学と幼稚園。法律で定められた最低授業日数は幼稚園のほうが多い。,○,
11,関東,20,ヒトコブラクダとコブの多いフタコブラクダ。生息している数もフタコブラクダのほうが多い。,×,
11,九州,1,九州７県の海岸線を一直線に延ばすと、福岡からアメリカのロサンゼルスまで届く。,○,
11,九州,2,人工衛星を打ち上げた国は、地球を回る軌道を必ず国連に報告しなければならない。,○,
11,九州,3,種子島に伝わった鉄砲は、もちろんポルトガル製の鉄砲だった。,×,
11,九州,4,アユはアユ科の魚である。,○,
11,九州,5,お隣の中国も電報だけはカタカナを使う。,×,
11,九州,6,世界の陸上競技で決めている競技場の「トラック」。ひとつのコースの幅は１メートルである。,×,
11,九州,7,体にできる「水虫」はカビの一種ですが、「ミズムシ」という名の昆虫が本当にいる。,○,
11,九州,8,英語で「home making」とは学校の「家庭科」のことである。,○,
11,九州,9,ＥＣ(ヨーロッパ共同体)１２カ国のうち、面積、人口ともにもっとも小さい国は、ＥＣの本部があるベルギーである。,×,
11,九州,10,哺乳類の母乳の中で、もっともタンパク質が豊富なのは人間（ヒト）の母乳である。,×,
11,九州,11,「アジ」という魚は、その名の通り味がよいことから名前がついた。,○,
11,近畿,1,１９９０年、神戸に入港した外国客船は、君たちの目指すアメリカの客船がもっとも多い。,×,
11,近畿,2,国民１人が１年間に食べるお米の量を３６５日で割ると、１日の量はお茶碗３杯以下である。,×,
11,近畿,3,近畿ブロック２府４件で、１９９０年にもっとも多く取れた野菜は『タマネギ』である。,○,
11,近畿,4,日本の台風はすべて左巻きですが、アメリカに発生する「竜巻き」は左巻きも右巻きもある。,○,
11,近畿,5,日本全体で１年間に出るゴミを総人口で割ると、１人毎日２キロ以上のゴミを出していることになる。,×,
11,近畿,6,日本一大きな湖「琵琶湖」は、国定公園に指定された第一号である。,○,
11,近畿,7,仲のいい夫婦のことを「おしどり夫婦」といいますが、実際のオシドリも一生連れ添う。,×,
11,近畿,8,冷たい目で人を見ることを「白眼」といいますが、反対に気に入った相手を見ることは「青眼」という。,○,
11,近畿,9,七福神は、すべて日本以外の神様である。,×,
11,近畿,10,「おいなりさん」の総本宮、京都の伏見神社に祀られているのは、「キツネの神様」である。,×,
11,四国,1,四国のゆかりの文豪、正岡子規、夏目漱石、菊池寛の３人は、いずれも君達が目指すアメリカへは行っていない。,○,
11,四国,2,日本で栽培面積のもっとも広い果物は「ミカン」である。,○,
11,四国,3,香川県象頭山にある金毘羅様の「金毘羅」とは、「インド象」という意味である。,×,
11,四国,4,水鳥の「ガン」を飼いならすと、「ガチョウ」になる。,○,
11,四国,5,タマネギはユリ科である。,○,
11,四国,6,ニワトリに黒い色のエサを与えると、卵の黄身も黒くなる。,○,
11,四国,7,「レース編み」とは、女性が競争して編んだことから「レース」と呼ばれるようになった。,×,
11,四国,8,「おもうつぼ」の「つぼ」とは、タコを捕る壷のことである。,×,
11,四国,9,経済大国日本は、世界銀行から過去に１度もお金を借りたことはない。,×,
11,四国,10,料理に使われる「タルタルソース」は、樽の中で長期間保存することからこの名がついた。,×,
11,四国,11,「うだるような暑さ」の「うだる」とは、「ゆでる」という言葉が変化したものである。,○,
11,四国,12,気温がどんどん上がることは「うなぎ登り」といいますが、下がることを「なまず下り」という。,×,
11,四国,13,蚊の幼虫を「ボウフラ」といいますが、サナギのことは「オニボウフラ」という。,○,
11,四国,14,地球は、北半球が夏のときよりも冬のときのほうが太陽の周りをゆっくり回る。,○,
11,四国,15,古いお米「古米」とは、収穫して２年以上たったお米のことである。,×,
11,中国,1,夏至の日、日本の首都東京とワシントンの昼の長さは、南に位置する東京のほうが長い。,×,
11,中国,2,夏至の日、南極の昭和基地に太陽が昇ることは絶対にない。,○,
11,中国,3,１９９０年１年間に海外に出た日本人は１，０００万人を超えましたが、海外から日本に来た外国人は５００万人以下だった。,○,
11,中国,4,メロンは、冷蔵庫で冷やしておくと、より甘みが増す。,×,
11,中国,5,お隣の中国でも、「ツユ」は「梅雨」と書く。,○,
11,中国,6,水泳の背泳ぎ。ゴールをしたとき、手を突き損なって頭で激突しても、ゴールタッチとみなされる。,○,
11,中国,7,大相撲本場所の土俵には、お浄めのために、力士がまく塩の他にも塩が埋めてある。,○,
11,中国,8,肝っ玉のでかいことを「大胆」といいますが、反対に肝っ玉の小さいことを『小さい肝』と書いて「小胆」という。,○,
11,中国,9,「馬の耳に念仏」という諺。英語では「馬に賛美歌」という。,○,
11,中国,10,クジャクのオスは、目玉も用が多いほどメスによくもてる。,○,
11,中国,11,アメリカ５０州で、「サマータイム」を実施していないのは、常夏のハワイ州だけである。,×,
11,中部,1,徳川家康の生まれた岡崎城の天守閣から、３５キロメートル先の名古屋城の金鯱を見ることができる。,○,
11,中部,2,中部ブロック５県で、１９９０年にもっと多く取れた野菜はキャベツである。,○,
11,中部,3,液体の上下で温度を示す寒暖計。無重力状態では正しい温度を図ることができない。,○,
11,中部,4,『さそり座』をヒットさせた美川憲一の星座はさそり座である。,×,
11,中部,5,現在、日本にある８３の活火山には、すべて地震計が設置されている。,×,
11,中部,6,黒部ダム、佐久間ダムなどの『ダム』とは、もともと『さえぎる』という意味である。,○,
11,中部,7,中部５県で、１９９０年１年間に生まれた赤ちゃんの数は、１０万人以下だった。,×,
11,中部,8,背中の「星の模様」が特徴の「テントウムシ」。生まれたばかりのときには「星」はない。,○,
11,中部,9,１９９１年現在、日本で使用されている郵便切手のデザインに同じものはない。,○,
11,中部,10,バッハ、ベートーベンが載っている『広辞苑』には、ビートルズも載っている。,○,
11,中部,11,ズック靴、ズック鞄などの「ズック」は、手ざわりの粗い「ざっくり」から変化したものである。,×,
11,中部,12,噛むと歯ごたえのある「グミキャンディー」の「グミ」とは、「ゴム」という言葉が変化したものである。,○,
11,中部,13,とんでもないことを「とてつもない」といいますが、この「とてつ」とは、不純物を多く含んだ鉄のことである。,×,
11,東北,1,松尾芭蕉がみちのくを歩いたときから、日本に「スイカ」はあった。,○,
11,東北,2,「皆既日食」は、月の裏側からも見ることができる。,×,
11,東北,3,日本で発行された切手に、「チョウチョ」を描いたものはあるが、「ガ」はない。,×,
11,東北,4,アメリカ映画界の最高の賞であるアカデミー賞は、名誉だけで賞金はまったく出ない。,○,
11,東北,5,ミツバチの巣で、女王バチが２匹になると古い女王バチが巣から出て行く。,○,
11,東北,6,街角にある「郵便ポスト」。正式名称は「郵便差出箱」という。,○,
11,東北,7,強いものが増々強くなることを「鬼に金棒」といいますが、同じ意味で「虎に翼」ともいう。,○,
11,東北,8,もらい物を人に分けることを「おすそわけ」といいますが、この「すそ」とは着物の「裾」のことである。,○,
11,東北,9,仕事がその人にぴったり合うことを言う「板につく」。この板とは「まな板」のことである。,×,
11,東北,10,「国民栄誉賞」は亡くなった人にも贈られますが、「文化勲章」は贈られない。,×,
11,東北,11,紛らわしい言葉「ビードロ」と「ビロード」。ともにもともとは同じ国の言葉である。,○,
11,東北,12,「日付変更線」のことを、英語では「ザ･デート･ライン」という。,○,
11,東北,13,かつて、お札の肖像になったあの聖徳太子は、過去には１万円札と５千円札にしか登場したことが無い。,×,
11,東北,14,「コツをつかむ」などというときの「コツ」は、漢字で「骨」と書く。,○,
11,東北,15,プレハブ住宅の「ハブ」とは、英語の「持つ（have）」のことである。,×,
11,東北,16,留守の家を狙って入る「アキス」は、もともとから担った鳥の巣のことを差した言葉である。,○,
11,北陸,1,海を見ろ！今、君達が見ている水平線の距離は、１０キロメートルよりも短い。,○,
11,北陸,2,高速道路の総延長がもっとも長い都道府県は、新潟県である。,○,
11,北陸,3,米で作る「せんべい」はあるが、小麦粉で作る「せんべい」はない。,×,
11,北陸,4,海で取れるコンブは、水中で花を咲かせる。,×,
11,北陸,5,海外に出す「エアメール」。航空便の封筒は、青と赤の縁取りがなくてもかまわない。,×,
11,北陸,6,４７都道府県をローマ字で書いたとき、頭文字にもっとも多く出てくるのは「T」である。,×,
11,北陸,7,卓球の別名「ピンポン」は、ボールを打ったときのピンポンという音からその名がつけられた。,○,
11,北陸,8,仕事率の単位「馬力」。英語では「ホース・パワー」という。,○,
11,北陸,9,日本で１番多く取れる野菜は「ダイコン」ですが、１９９０年、もっとも多く輸入した野菜は「カボチャ」である。,○,
11,北陸,10,小鳥には「ホオジロ」もいるが、「ホオアカ」もいる。,○,
11,北陸,11,日本の郵便制度が発足して１２０年ですが、電話やＦＡＸの普及により郵便物は年々減少している。,×,
11,北陸,12,牛肉に「霜降り」がありますが、豚肉にも「霜降り」はある。,○,
11,北陸,13,国会議員の定数。衆議院は参議院のちょうど二倍である。,×,
11,北陸,14,水道の水には、飲み水用の「上水」と排水用の「下水」の他に「中水」というものもある。,○,
11,北陸,15,男子の体操器具「平行棒」は「鉄棒」をもとに考え出された。,×,
11,北陸,16,日本全国の「国立公園」と「国定公園」。総面積が広いのは「国立公園」のほうである。,○,
11,北海道,1,日本一広い北海道の面積は、全国４７都道府県の面積の小さい２０県が束になってもかなわない広さである。,○,
11,北海道,2,近代オリンピック夏の大会がもっとも北で開かれたのは、モスクワ大会である。,×,
11,北海道,3,ソ連のゴルバチョフ大統領とロシア共和国のエリツィン大統領は同じ年である。,○,
11,北海道,4,「しもやけ」も「凍傷」である。,×,
11,北海道,5,ポテトチップの「チップ」は、お礼として「チップ」をイモで渡したことに由来している。,×,
11,北海道,6,「金魚」はコイを改良して作ったものである。,×,
11,北海道,7,木にぶらさがって生活するナマケモノは、体の毛もおなかから背中に向かって生えている。,○,
11,北海道,8,確かなものを「折り紙つき」といいますが、この折り紙とは「鑑定書」のことである。,○,
11,北海道,9,「ごぼう抜き」というときの「ごぼう」とは、野菜のゴボウのことである。,○,
11,北海道,10,ニワトリの「ササミ」といいますが、これは植物の「笹の葉」の形をしていることから名付けられた。,○,
11,北海道,11,夜空を流れる『天の川』は、１年中日本で見ることができる。,○,
12,沖縄,1,「日本晴れ」。いわゆる快晴が１９９１年に日本一多かったのは、ここ沖縄県である。,×,
12,沖縄,2,天気予報で「今日」といったら、日の出から日没までのことである。,×,
12,沖縄,3,野菜のカボチャは、カンボジアが原産である。,×,
12,沖縄,4,こんがり焼いたトースト。もともとは「こがす」という意味である。,○,
12,沖縄,5,ラクダのコブは、年をとるとしぼむ。,×,
12,沖縄,6,天使の歌声「ウィーン少年合唱団」は、大人の声になってしまうと、退団しなければならない。,○,
12,沖縄,7,辞典『広辞苑』には、「広辞苑」という言葉が載っている。,×,
12,沖縄,8,チャップリンは『伯爵』という映画を作ったが、『伯爵夫人』という映画も作っている。,○,
12,沖縄,9,コーヒーはマメ科の植物である。,×,
12,沖縄,10,履物のスリッパは「スリッパー」、つまり、「すべるもの」という意味である。,○,
12,関東,1,アメリカ星条旗を地球の表面積と同じ大きさでつくり、できあがったその地球サイズの国旗に描かれた、星ひとつの面積と、日本の総面積を比べると、日本のほうが大きい。,○,
12,関東,2,東京、ロサンゼルス、オーランド、パリの順に夢の国ディズニーを一直線で結び、ミッキーマウスが新幹線「のぞみ」に乗って最高時速でそれぞれを訪ねて行くと、その日数は３日以上かかる。,○,
12,関東,3,病院で「診断書」を発行するように、気象台でもその日の天気を証明する「気象証明」を発行している。,○,
12,関東,4,寒い地方のヘビが冬眠するように、熱帯地方のヘビも「夏の眠り」、すなわち「夏眠」をする。,○,
12,関東,5,日本の選挙の投票日、法律で「休みの日」に行うと決まっている。,×,
12,関東,6,水道の水で作る氷より、沸騰させた水で作る氷のほうが、溶けにくい。,○,
12,関東,7,ミッキーマウスとドナルドダック。映画に出た回数が多いのは先輩ミッキーマウスのほうである。,×,
12,関東,8,「畳」はもともと折りたたみ式だったので、その名がついた。,○,
12,関東,9,魚の「タイ」。体が平たいのでその名がついた。,○,
12,関東,10,エンゼルフィッシュの「しま」は「縦じま」である。,×,
12,関東,11,ゴキブリも冬眠する。,○,
12,関東,12,苦労することを「骨を折る」というが、それ以上に苦労することを「大骨を折る」という。,○,
12,関東,13,赤ちゃんがする「おしめ」は、おしりを締めるの「しめる」から付けられた。,×,
12,九州,1,古代遣唐使の時代より、世界の玄関口となっている九州。その九州各県の県庁所在地は、いずれも中国の都市と友好都市の関係を結んでいる。,×,
12,九州,2,「１万円札」、通し番号１番は、福澤諭吉が創設した慶応大学に保存されている。,×,
12,九州,3,背広のエリにある穴。もともと、花をさすためのものであった。,○,
12,九州,4,ヘビは冬眠するが、ウミヘビも砂にもぐって冬眠する。,×,
12,九州,5,原子番号が同じで、質量数が違う元素を「同位体」というが、現在発見されている１０９すべての元素には「同位体」がある。,○,
12,九州,6,オーロラも、虹のように７色ある。,×,
12,九州,7,先進国首脳会議「サミット」が行われた都市。人口が１番多いのは、東京である。,○,
12,九州,8,トランプの「ババ抜き」で使うジョーカー。もちろん「オババ」、すなわち女性である。,×,
12,九州,9,海抜・標高の基準「日本水準原点」は、東京湾の海面に浮かんでいる。,×,
12,九州,10,気候の関係から、南半球ではオリンピックが開かれたことはない。,×,
12,九州,11,「東京タワー」と「エッフェル塔」。エッフェル塔のほうが重い。,○,
12,九州,12,エラで呼吸する魚に鼻はない。,×,
12,九州,13,ゴリラは、ベジタリアン、草食動物である。,○,
12,九州,14,貝を背負っていなければ、ヤドカリの仲間には入れない。,×,
12,九州,15,夜、活動するフクロウ。目は獲物を捕えやすいように１８０度動く。,×,
12,九州,16,「ジグザグに曲がる」などという「ジグザグ」は、れっきとした日本古来の言葉である。,×,
12,九州,17,「イモムシ」は、「イモ」の葉を食べることからその名がついた。,○,
12,九州,18,かん高い声を「黄色い声」というが、英語でも「イエローボイス」という。,×,
12,九州,19,ラッコは陸で眠るときにも、あおむけで眠る。,×,
12,近畿,1,世界の観光都市、京都！平成になってから1991年までに、ここ京都を訪れた外国人観光客の中で最も多いのは、君たちの目指す国から来たアメリカ人である。,○,
12,近畿,2,４７都道府県の中で、国宝が１番多いのは東京都だが、人間国宝が１番多いのも東京である。,○,
12,近畿,3,近畿ブロック２府４県の男女の平均寿命を比べると、最も長生きなのは歴史あるここ京都である。,○,
12,近畿,4,東大の地震研究所では、ナマズを飼って地震の研究をしている。,×,
12,近畿,5,甲子園球場で初めて行われたナイターは、伝統の阪神・巨人戦だった。,○,
12,近畿,6,デメキンは、生まれたときから目が飛び出ている。,○,
12,近畿,7,ふわふわと浮いている熱気球。「航空法」では、飛行機の一種に含まれている。,×,
12,近畿,8,ランの女王「カトレア」は、発見者カトレーさんにちなんで名付けられた。,○,
12,近畿,9,北極圏にある世界最大の島グリーンランドには、草は生えているが、木は生えていない。,×,
12,近畿,10,ヒラメとカレイ。分類上、同じ「科」の魚である。,×,
12,四国,1,今まで発見された小惑星には、「東京」と名付けられたものがあるが、ズバリ、「アメリカ」と名付けられた星もある。,○,
12,四国,2,邪魔なものを「目の上のたんこぶ」というが、邪魔な上に取りたくても取れないものを「鼻の先のいぼいぼ」という。,○,
12,四国,3,水の中にいる魚も、おいしいエサを見ると、ヨダレをたらす。,×,
12,四国,4,セミクジラの「セミ」とは、「背中が美しい」という意味である。,○,
12,四国,5,イヌも、ほうっておけば虫歯になる。,○,
12,四国,6,乗用車にサイレンを付けると、罪になるが、赤い「パト・ランプ」を付けても罪にはならない。,×,
12,四国,7,ヒトデは、その形から英語では「スター・フィッシュ」と呼ばれる。,○,
12,四国,8,現在、最も多く発行されている通常切手は、「６２円切手」だが、２番目は「４１円切手」である。,○,
12,四国,9,リカちゃん人形こと「葉山リカ」は、理科の勉強が得意である。,×,
12,四国,10,北町奉行の「遠山の金さん」こと遠山景元は、南町奉行にもなっている。,○,
12,中国,1,安芸の宮島・厳島神社は国宝の宝庫。では、「国宝」の指定を受けるには、日本のトップ、内閣総理大臣の現地視察が必要である。,×,
12,中国,2,日本の国鳥「キジ」を県の鳥に指定することはできない。,×,
12,中国,3,日本のお金！５０円玉、１００円玉、５００円玉。まったく同じ色をしているが、成分もまったく同じである。,○,
12,中国,4,一番星として見えるのは、常に金星のことである。,×,
12,中国,5,トイレのことを化粧室というが、化粧水のことを、英語で「toilet water」という。,○,
12,中国,6,シオカラトンボのメスを、アマカラトンボという。,×,
12,中国,7,台風が左巻きの南半球では、巻き貝も左巻きである。,×,
12,中国,8,漫画が動く「アニメーション」には、もともと「命を吹き込む」という意味がある。,○,
12,中国,9,植物で「タコの木」はあるが、「タコの足」もある。,○,
12,中国,10,クモが、巣にかかった虫を食べるときは、動かなくなってから食べる。,×,
12,中国,11,あの、ノーベルの名前がついた元素はあるが、アインシュタインも元素の名前になっている。,○,
12,中国,12,雲が浮かんでいるのは、空気より軽いからである。,×,
12,中国,13,「人生は山登りのようなものさ」といったフランスの作家、モーパッサンはエベレストに登ったことがある。,×,
12,中国,14,アサガオはアサガオ科の植物である。,×,
12,中国,15,名探偵シャーロック・ホームズ。助手のワトソン君は医者だが、作者のコナン・ドイルも医者である。,○,
12,中国,16,スズメバチの毒は、メスよりオスのほうが強い。,×,
12,中国,17,メキシコの国の花は、サボテンである。,×,
12,中国,18,世界的な青少年団体、「ボーイスカウト」。日本が加盟したのは、戦後になってからである。,×,
12,中国,19,「自由の女神」を管理しているのは、地元ニューヨーク州である。,×,
12,中国,20,８０００ｍ以上の山は、すべてヒマラヤ山脈にある。,×,
12,中国,21,顔が長い人を「馬面」というが、英語でも「ホースフェース」という。,○,
12,中部,1,夏の風物詩「鵜飼」。国家公務員である鵜匠（うしょう）が持つ鵜も、国有財産である。,×,
12,中部,2,イヌもネコのように爪を隠すことができる。,×,
12,中部,3,サルにも「耳たぶ」がある。,○,
12,中部,4,オリンピックの開催期間、冬の大会も夏の大会も、まったく同じ日数である。,○,
12,中部,5,走り幅跳び。助走は、どんなに長くてもかまわない。,○,
12,中部,6,妊娠している女性を「身重」というが、出産して体が軽くなった人を「身軽」という。,○,
12,中部,7,新体操のレオタード。美しさを増すために、ハイレグにしてもかまわない。,×,
12,中部,8,スケートの伊藤みどりの十八番「トリプル・アクセル」は、アクセルを踏むようにスピードが出るので、その名がついた。,×,
12,中部,9,「スズラン」も、ランの一種である。,×,
12,中部,10,「二つ返事」とは、「ハイハイ」と２度答えることである。,○,
12,中部,11,「水牛」がよく水浴びするのは、皮膚に、汗を出す汗腺がないためである。,×,
12,中部,12,太陽の黒点、英語でも「ＢＬＡＣＫ　ＰＯＩＮＴ」という。,×,
12,中部,13,カニは、死ぬまで、脱皮する。,○,
12,中部,14,聖徳太子ゆかりの法隆寺は、「聖徳宗」のお寺である。,○,
12,中部,15,現在、正式に「女王陛下」と呼ばれる人は、イギリスのエリザベス２世、ただ１人である。,×,
12,中部,16,ホタルはお尻だけが光るが、ホタルイカは全身が光る。,×,
12,中部,17,三毛猫を、英語で「three-colored cat」という。,×,
12,中部,18,睡眠中に見る夢は、年と共に少なくなっていく。,○,
12,中部,19,「虎の巻」より簡単な奥の手を「ネコの巻」という。,×,
12,東北,1,東北が生んだ青春文学のヒーロー！石川啄木、太宰治、石坂洋次郎。この３人は、いずれも故郷を舞台にした作品を書いている。,○,
12,東北,2,東北が生んだお札のヒーロー、新渡戸稲造！あの５千円札の通し番号１番は故郷岩手県に保存されている。,×,
12,東北,3,ボウリングのボール。指の穴は３つ以上あけても構わない。,○,
12,東北,4,１５０キロの豪速球。ピッチャーの指先もボールと同じ速さである。,○,
12,東北,5,ハチドリという鳥は、ハチのようにミツを吸って生きている。,○,
12,東北,6,ゾウの鼻。長～いのでにおいを嗅ぐことはできない。,×,
12,東北,7,寒～い南極にも温泉が湧いている。,○,
12,東北,8,三毛猫の毛をカミソリですっかり剃ってしまうと、三毛猫、トラ猫の判別ができなくなってしまう。,×,
12,東北,9,日本原産の犬「ちん」。漢字でも「珍しい」と書く。,×,
12,東北,10,一刻をあらそう警察官。非番のときにはポケットベルを持つように決められている。,×,
12,東北,11,お見事！というときに使う「天晴（あっぱれ）」。もともとは、雲ひとつない日本晴れという意味だった。,×,
12,東北,12,デカラケやアツラケがブームだが、テニスに使うラケットの面の大きさと重さ、共に制限はない。,×,
12,東北,13,雲は上昇気流がなくなると、落ちてくる。,○,
12,東北,14,綿は植物から採れるが、石綿も植物から採れる。,×,
12,東北,15,サメの歯はいつ抜けてもいいように、絶えず次の歯が用意されている。,○,
12,東北,16,高等学校と同じように、大学にも職員会議はある。,×,
12,東北,17,虫歯の原因となる細菌。「虫歯菌」というのがいる。,×,
12,東北,18,夏と冬！小倉百人一首でより多く歌われているのは、「夏」のほうである。,○,
12,東北,19,ゆり動かして遊ぶ「ブランコ」。英語では「スウィング」という。,○,
12,北陸,1,日本海と名付けたのはロシアだが、この海に面した国は、その名をすべて日本海と呼ぶ。,×,
12,北陸,2,ここは北陸、イカの産地！１９９１年に日本人が最も多く食べた魚介類は、やはりイカである。,○,
12,北陸,3,ハダカでやる相撲。俳句では夏の季語である。,×,
12,北陸,4,「つゆ草」は、梅雨の季節に花を咲かせるところから、その名がついた。,×,
12,北陸,5,デンキウナギも自分の電気で感電する。,×,
12,北陸,6,「ピサの斜塔」で実験したガリレオ・ガリレイは、ピサ大学の出身である。,○,
12,北陸,7,楽器の尺八は、穴が８個あいているので、その名がついた。,×,
12,北陸,8,夜空を飾る星座。水瓶座の他にコップ座というのもある。,○,
12,北陸,9,海にいる貝。プカプカ浮かんでいるものもいるが、スイスイ泳ぎ回っているものもいる。,○,
12,北陸,10,ハエが食べ物の上にとまるのは、足で味見をしているからである。,○,
12,北陸,11,薬の服用時間で「食間」とは、食事中に飲めということである。,×,
12,北陸,12,気象庁によれば、「風速」とはその日のうちで１番強い風のことをいう。,×,
12,北陸,13,南極に住むペンギン。卵は親が温めなくても凍らないようになっている。,×,
12,北陸,14,相手に同情することを「気の毒」というが、反対に、心の保養になることを「気の薬」という。,○,
12,北陸,15,魚のコイはアゴヒゲを切られると、方向音痴になってしまう。,×,
12,北陸,16,「九官鳥」は九官さんが日本につれてきたので、九官鳥と呼ばれるようになった。,○,
12,北海道,1,国連によれば、大自然のシンボル「国立公園」と「保護地域」を、世界一多く持つ国は、アメリカである。,×,
12,北海道,2,北極星は、日本のあらゆる地域から、１年中見ることができる。,○,
12,北海道,3,世界初の地下鉄。走っていたのは、モクモクと煙を吐く蒸気機関車だった。,○,
12,北海道,4,卓球のラケット。打ちやすければ、いくら大きくしても構わない。,○,
12,北海道,5,百の足と書く「ムカデ」。足の数が多いほど、速く走ることができる。,×,
12,北海道,6,ＯＤＡ、日本が海外に援助する総額を日本の総人口で割ると、１人あたり年間１万円以上出している。,×,
12,北海道,7,日本で初めて海外の都市と姉妹関係をもったのは、出島のある長崎である。,○,
12,北海道,8,「エビでタイを釣る」というコトバがあるが、本当にタイはエビで釣れる。,○,
12,北海道,9,黒い紙のように見える「のり」。英語では「ブラック・ペーパー」という。,×,
12,北海道,10,「のどもと過ぎれば熱さ忘れる」というが、ノドもとを過ぎると、熱さを感じる神経はない。,×,
13,沖縄,1,Jリーグ元年！男子は、高校在学中であってもプロサッカー選手になることができる。,○,
13,沖縄,2,最も海水浴場の数が多い都道府県は、ここ沖縄県である。,×,
13,沖縄,3,プロ野球キャンプのメッカ、ここ沖縄で公式戦が行なわれたことがある。,○,
13,沖縄,4,日本には、温泉のない都道府県は１つもない。,○,
13,沖縄,5,サンゴは、きれいな水なら淡水でも育つ。,×,
13,沖縄,6,映画『まあだだよ』のモデル、内田百聞の小説には、『もういいよ』というのがある。,×,
13,沖縄,7,ブラウン博士を発明したのは、ドイツの科学者、ブラウン博士である。,○,
13,関東,1,地球にゴ～ル！Jリーグ最多得点を誇る鹿島アントラーズのゴールを決めた全試合時間数だけ、国立競技場が地球の自転によって動く距離は、得点王ある震度の故郷サンパウロ－東京間を上回る。,○,
13,関東,2,日本の紙幣に描かれる肖像は、1人に1枚と決められている。,×,
13,関東,3,山の頂上にたとえて、主要先進国首脳会議を「サミット」というが、このサミットの準備をする人を「シェルパ」という。,○,
13,関東,4,ニワトリの卵、ヒナが育つにつれ重くなる。,×,
13,関東,5,「能ある鷹は爪を隠す」というが、本当にネコのように爪を隠すことがある。,×,
13,関東,6,世界一参加者の多いクイズとして、「高校生クイズ」はあの『ギネスブック』に掲載されている。,○,
13,関東,7,ダンプカーのダンプとは、積荷をドサッと落とす意味である。,○,
13,関東,8,「オジギソウ」の花言葉は「はじめまして」である。,×,
13,関東,9,百円玉のギザギザの数は、ちょうど100個である。,×,
13,関東,10,鳥も真夏になれば、汗をかく。,×,
13,関東,11,ネコ同士のケンカでも、ネコは手に汗を握る。,○,
13,関東,12,日本の人口を十二支で分けると、最も少ないのは「酉年」である。,×,
13,関東,13,ジーンズはアメリカ生まれである。,×,
13,関東,14,剣道の公式試合で、宮本武蔵のように二刀流を使ってもかまわない。,○,
13,関東,15,気象観測史上、台風が日本に上陸しなかった年もある。,○,
13,関東,16,タコの赤ちゃんは、生まれたときから吸盤を持っている。,○,
13,関東,17,音楽記号には、「強くもなく弱くもなく」という記号もある。,×,
13,関東,18,日本の人口！明治生まれと平成生まれでは、もはや、平成生まれのほうが多い。,○,
13,関東,19,白いアスパラガスとグリーンアスパラガスは、違う種類である。,×,
13,関東,20,野球のグローブの大きさに制限はない。,×,
13,関東,21,ミツバチの女王バチは、年をとると巣を出ていく。,○,
13,関東,22,習字の段をもっていなければ、大相撲の行司さんにはなれない。,×,
13,九州,1,歴代スペースシャトルの飛行日数をすべて合わせると、1年・365日を超える。,○,
13,九州,2,過去12年のスペースシャトルの歴史の中で、1年に2度、宇宙旅行をした人はいない。,×,
13,九州,3,広～い太平洋。地球の全陸地の面積より広い。,○,
13,九州,4,チューリップは、一度花が開いても、寒くなると閉じてしまう。,○,
13,九州,5,「ゴマを擂る」と同じように、誰にでもお世辞を言うことを「味噌を擂る」という。,○,
13,九州,6,ノーベル賞。受賞後研究結果が間違っていた場合、もちろん受賞は取り消される。,×,
13,九州,7,巌流島の決闘で知られる佐々木小次郎。剣の流派も巌流といった。,○,
13,九州,8,テニスは硬式、軟式があるが、卓球にもある。,○,
13,九州,9,オリンピックの選手宣誓は、必ず開催国の言葉を使わなければならないと決められている。,×,
13,九州,10,「惑星運動の三法則」で有名なケプラーは、副業に星占いをやっていた。,○,
13,九州,11,料理に使う包丁は、ホウテイさんの名がなまってホウチョウとなった。,○,
13,九州,12,郵便切手はあらかじめ、ノリの付いた紙に印刷する。,○,
13,九州,13,黒潮と親潮。暖流である黒潮のほうがしょっぱい。,○,
13,近畿,1,青春に待ったなし！高校生クイズには敗者復活戦があるが、夏の高校野球にもかつて敗者復活戦があった。,○,
13,近畿,2,花の咲かないコケにも、花言葉はある。,○,
13,近畿,3,飛べない鳥、キーウィの好物は、果物のキーウィである。,×,
13,近畿,4,作家、吉本ばななには、メロンというペンネームの姉がいる。,×,
13,近畿,5,日本の首都が大阪に移動しても、最高裁判所は東京に置くと決められている。,○,
13,近畿,6,英語で紫外線のことを「ウルトラ・ヴァイオレット」というが、赤外線は「ウルトラ・レッド」という。,×,
13,近畿,7,弥生式土器が発見されたのは、3月「弥生の月」だった。,○,
13,近畿,8,『好色一代男』を書いた井原西鶴は、『好色二代男』という作品も書いている。,○,
13,近畿,9,「異常気象」。英語では「アブノーマルウェザー」という。,○,
13,近畿,10,ウソという鳥はいるが、オオウソという鳥もいる。,×,
13,近畿,11,製図に使うケント紙は、ケントさんが発明した。,×,
13,近畿,12,「パンの木」という植物はあるが、「パンヤの木」もある。,○,
13,近畿,13,ことわざ「子供は風の子」の続きは「大人は火の子」である。,×,
13,近畿,14,「バリカン」という名は、バリバリ頭を刈ることから名付けられた。,×,
13,近畿,15,ノーベル賞。個人で同じ分野の賞を2回受賞することはできない。,×,
13,近畿,16,化粧品とは、人の体を美化し、魅力を増すものと法律で定められている。,○,
13,四国,1,若貴人気で盛り上がる大相撲！仕切りで場所中にまかれる四国の塩、これは単に土俵を清めるためである。,×,
13,四国,2,陸上競技の世界記録で、君達が生まれてから現在まで、まったく更新されていない記録もある。,○,
13,四国,3,日本で最初に作られた輪ゴムは、お札を束ねるためのものだった。,○,
13,四国,4,脇の下で計った体温と、口で計った体温。体温計は当然同じ温度を示す。,×,
13,四国,5,サザエさんのカツオ君、魔法使いのサリーちゃん、人形のリカちゃん。この3人はみんな同じ学年である。,○,
13,四国,6,イギリスでは女王の誕生日は、国民の祝日になっている。,×,
13,四国,7,野球の変化球シュートとサッカーのシュート。英語では同じつづりである。,○,
13,四国,8,水泳の自由形は途中で泳ぎ方を変えてもかまわない。,○,
13,四国,9,日本で最初の人工衛星は、国の花「さくら」と名付けられた。,×,
13,四国,10,鳥にカワセミ、ヤマセミはいるが、ウミセミもいる。,×,
13,四国,11,ハハコグサの仲間には、チチコグサという植物もある。,○,
13,四国,12,みにくいアヒルの子が白鳥だったように、アヒルと白鳥はまったく同じ科の鳥である。,○,
13,四国,13,お菓子のマシュマロは、形がマッシュルームに似ているので、その名が付いた。,×,
13,四国,14,日本のプロ野球。女性も入団できる。,○,
13,四国,15,マントヒヒは、姿がマントをかぶっているようなところから、その名がついた。,○,
13,四国,16,「人間国宝」。どんなに技が優れていても、還暦を超えないと認定されない。,×,
13,中国,1,君達の「希望」は勝利！「のぞみ」は日本一！1993年、広島までやってきた新幹線「のぞみ号」。では問題、かつて日本を走った列車の愛称に「希望」もあれば「のぞみ」もあった。,×,
13,中国,2,国宝は、台風や火災などで全部が壊れた場合、たとえ再建されても、国宝の指定を解除されることがある。,○,
13,中国,3,国会議員は、当選の回数によって、給料も上がる。,×,
13,中国,4,電車のシルバーシート。初めて設置されたのは敬老の日である。,○,
13,中国,5,もみじまんじゅうで有名な広島県！県の木はもちろん、モミジである。,○,
13,中国,6,神社の絵馬。願いがウマく叶うようにというゴロ合わせから、ウマの絵を描くようになった。,○,
13,中国,7,「くしゃみ」と「しゃっくり」の最長記録。『ギネスブック』によると、くしゃみのほうが長い。,×,
13,中国,8,ボストンバッグは、ボストン大学の学生達が使っていたことからその名が付いた。,○,
13,中国,9,六角形の鉛筆が初めて作られたのは、日本である。,×,
13,中国,10,ドジョウは、ヒゲを持つコイの仲間でもある。,○,
13,中国,11,「弘法も筆の誤り」。弘法大師が間違えたのは、自分の名前だった。,×,
13,中部,1,大恐竜時代到来！日本で「恐竜の化石」が発見された県は、フォッサマグナを境として、ここ名古屋を含む西のほうが多い。,○,
13,中部,2,Jリーグトップチームの全選手を出身地別に見ると、やはりサッカー王国・静岡県が最も多い。,○,
13,中部,3,日本初の記念切手は、郵便制度が開始された日を記念して、発行された。,×,
13,中部,4,地図で「北」を上にするのは、国際法で定められているからである。,×,
13,中部,5,オリンピック、夏・冬両方の大会が開かれた都市は、世界中に１つもない。,○,
13,中部,6,ハツカネズミは二十日で生まれるので、その名が付いた。,○,
13,中部,7,気が合わないことを「水と油」というが、英語でも「オイル・アンドウォーター」という。,○,
13,中部,8,「金の鯱」を英語では「ゴールデン・ドルフィン」という。,○,
13,中部,9,双子座の兄弟星、カストルとボルックスは双子というだけあって同じ明るさである。,×,
13,中部,10,日本を代表する清らかな水、環境庁が定める名水百選。1985年に誕生して以来、現在まで指定を外されたものは1ヵ所もない。,○,
13,中部,11,熱帯魚の「エンゼルフィッシュ」は、海水魚である。,×,
13,中部,12,プロ野球の名球会。昭和生まれでなければ入ることはできない。,○,
13,中部,13,お札の肖像画は、人間国宝をかかえる、文化庁がデザインしている。,×,
13,中部,14,柔道の位には「名人」というのがある。,×,
13,中部,15,海の底で生活するヒラメには、浮力調節の浮き袋がない。,×,
13,中部,16,モスクワの「赤の広場」の赤は、共産主義の意味から名付けられた。,×,
13,中部,17,博士号を持っていなければ、大学の教授になれない。,×,
13,東北,1,実は、日本で初めて行われたプロレスのリングは、丸だった。,×,
13,東北,2,国から一度与えられた勲章は、剥奪されることはない。,×,
13,東北,3,カエルは水を飲まない。,○,
13,東北,4,気象庁は、「晴れ」と「曇り」の境目になる雲の量を、いまだに見た目で決めている。,○,
13,東北,5,制限速度40kmの道路を自転車で時速40km以上出すとスピード違反になる。,×,
13,東北,6,ロバもシマウマもウマ科である。,○,
13,東北,7,英語でつゆ「梅雨」は「アプリコットレイン」である。,×,
13,北陸,1,北陸が生んだ巨人の星・松井秀喜選手のニックネームは「ゴジラ」だが、夜空に輝く星座にも「ゴジラ座」はある。,×,
13,北陸,2,「敬老の日」。昔は「としよりの日」と呼ばれていた。,○,
13,北陸,3,全国の県庁所在地は、すべて外国の都市と姉妹都市の関係を結んでいる。,×,
13,北陸,4,「万有引力」の発見者・ニュートンは、男女の引力には恵まれず、生涯独身だった。,○,
13,北陸,5,地獄の大王・エンマ様は、もともと天国の神様だった。,○,
13,北陸,6,「ファクシミリ」は、もともと「遠くに飛ばす」という意味である。,×,
13,北陸,7,「赤道ギニア」は、もちろん赤道直下の国である。,×,
13,北陸,8,フグは「河の豚」と書くが、本当に川に住むフグもいる。,○,
13,北陸,9,まな板は、もともと「なまもの」を切る「なま板」という名前だった。,×,
13,北陸,10,キリスト教にモーゼの十戒があるように、仏教にも１０の戒め「十戒」がある。,○,
13,北陸,11,図書券にも有効期限はある。,×,
13,北陸,12,南十字座はあるが、北十字座はない。,○,
13,北陸,13,町の生活環境にかかわる下水道。管理しているのは環境庁である。,×,
13,北陸,14,足にできる「魚の目」。医学用語でも「魚の目」という。,×,
13,北陸,15,女王バチと同じように、働きバチもすべてメスである。,○,
13,北海道,1,テレビ開局以来、日本で初めてテレビ中継されたスポーツは「国民栄誉賞・千代の富士」を生んだ大相撲である。,○,
13,北海道,2,巨人軍の長嶋監督。佐倉一高時代、もちろん甲子園出場を果たした。,×,
13,北海道,3,缶詰の「コーンビーフ」は、つなぎにトウモロコシの粉を混ぜたことからその名が付いた。,×,
13,北海道,4,気象衛星「ひまわり」は、夏に打ち上げたので、その名が付いた。,○,
13,北海道,5,午前・午後を表す「A.M」「P.M」は、もともと英語を略したものである。,×,
13,北海道,6,姉妹都市と同じように、夫婦都市というのもある。,○,
13,北海道,7,宇宙空間では、音波も電波も伝わらない。,×,
14,沖縄,1,赤道に近い沖縄県は、北海道よりも満潮・干潮の差が大きい。,○,
14,沖縄,2,月食は、満月のときにだけ起こる。,○,
14,沖縄,3,日本初の西洋式の灯台は、ここ沖縄県に建てられた。,×,
14,沖縄,4,西表島の「イリオモテボタル」は、お尻だけではなく体全体も光る。,○,
14,沖縄,5,魚の「穴子」は、その名の通り、穴にもぐって卵を産む。,×,
14,沖縄,6,留守番電話を発明したのは、オフィスの多い国に住むアメリカ人である。,×,
14,沖縄,7,カンガルーは、おなかの中にゴミがたまると逆立ちして払い落とす。,×,
14,沖縄,8,米の都道府県別生産高。1993年、沖縄県は全国最下位だった。,×,
14,沖縄,9,文学賞に「芥川賞」があるが、作曲賞にも「芥川賞」がある。,○,
14,沖縄,10,『僕らはみんな生きている』でおなじみのオケラ。これは昆虫ですが、植物にもオケラがある。,○,
14,沖縄,11,植物のアロエは、もちろんサボテン科である。,×,
14,関東,1,日本人女性初、向井千秋さんの宇宙の旅！スペースシャトル「コロンビア」が飛ぶ地球上の最大北緯地点を基に、赤道と平行に地球を２つに切ると、北極側の表面積は海よりも陸のほうが大きい。,×,
14,関東,2,サッカーのワールドカップで世界が燃える！サッカーで使われる「イエローカード」と「レッドカード」を審判が忘れた場合、自分で作って試合に臨んでもかまわない。,○,
14,関東,3,日本初の宝クジ。運命を決める抽選会に使われた音楽はベートーベンの『運命』だった。,○,
14,関東,4,ナマズは年を取ると、ヒゲが増える。,×,
14,関東,5,バカ貝の身は食べられるが、ホラ貝の身は食べられない。,×,
14,関東,6,ニワトリも「しゃっくり」をする。,○,
14,関東,7,丸くてデカいマンボウはフグの仲間である。,○,
14,関東,8,1円玉1枚と、宝石の1カラット。重いのは1円玉のほうである。,○,
14,関東,9,日本の標準時間を管理しているのは気象庁である。,×,
14,関東,10,あの『ギネスブック』には、ドミノ倒しの記録はあるが、将棋倒しの記録も載っている。,×,
14,関東,11,大相撲で行司の最高位を「立て行司」というが、呼び出しの最高位は「立て呼び出し」という。,○,
14,関東,12,ピアスは英語で、「つらぬく」という意味である。,○,
14,関東,13,日本で発行されているお札の数。発行枚数が一番多いのは、1万円札である。,○,
14,関東,14,弁護士になるには、必ず「司法試験」に合格しなければならない。,×,
14,関東,15,47都道府県。50音順に並べると、ちょうど、ど真ん中にくるのは、日本の首都、東京都である。,×,
14,関東,16,卵を丸飲みにするヘビのアオダイショウも、カラだけは吐き出す。,×,
14,関東,17,生まれたばかりの赤ちゃんも、自分専用のパスポートを取ることができる。,○,
14,九州,1,青春のホップ・ステップ・ジャンプ！目指すはアメリカ！只今、青春1年生の「中学生」、青春真っ只中の「高校生」、青春真っ盛りの「大学生」。現在、通学している人数が最も多いのは、青春真っ只中の君達「高校生」である。,○,
14,九州,2,1994年で40周年！怪獣ゴジラは、まだ九州を破壊していない。,○,
14,九州,3,香水の「香り」にも「著作権」はある。,×,
14,九州,4,バーコードの色は、黒と決まっている。,×,
14,九州,5,日本に輸入される外車。日本の道路に合わせて圧倒的に右ハンドルの方が多い。,○,
14,九州,6,七面鳥はビックリすると顔色が変わる。,○,
14,九州,7,プロサッカーの名称。日本はJリーグだが、アメリカはU・S・AのUリーグである。,×,
14,九州,8,郵便物も一度に出す量が多いと料金が割引になる。,○,
14,九州,9,マンガ『サザエさん』。サザエさんとマスオさんは恋愛結婚である。,×,
14,九州,10,日本では、今生きている人をお札の肖像で使ってはならないと、法律で決められている。,×,
14,九州,11,スイートピーは、ピーナツと同じマメ科である。,○,
14,九州,12,JRの入場券にも定期券はある。,○,
14,近畿,1,世界に輸出される日本の文化！日本語がそのまま英語となる時代。そこで問題。目の前にそびえる戦国時代の象徴「城」も世界最大の英語辞典に載っている。,×,
14,近畿,2,小学校で最も多くの漢字を学習するのは6年生である。,×,
14,近畿,3,日本から大使として外国へ行く場合、その国の言葉が喋れなければならないと定められている。,×,
14,近畿,4,ノーベル賞の賞金にも宝くじのように「受け取り有効期限」がある。,○,
14,近畿,5,移り気な心を「女心と秋の空」というが、まったく同じことを「男心と秋の空」とも言う,○,
14,近畿,6,太陽系の惑星の中には、月よりも小さい惑星がある。,○,
14,近畿,7,金閣寺と銀閣寺は、ともに同じ宗派の寺である。,○,
14,近畿,8,人間の赤ちゃん。生まれたとき「オギャー」と産声を上げているが、涙は流さない。,○,
14,近畿,9,サッカーのルール。選手は裸足でプレーしてもよい。,×,
14,近畿,10,履物の「スリッパ」は、スリップするという言葉から生まれた。,○,
14,近畿,11,星座「カメレオン座」は、その名の通り季節によって色を変える。,×,
14,近畿,12,ワシの中には、肉をまったく食べない菜食主義、ベジタリアンのワシもいる。,○,
14,近畿,13,自動車を廃車にするときは、警察に届けなければいけない。,×,
14,近畿,14,国際赤十字のマークは、スイスの国旗をもとに作られた。,○,
14,近畿,15,日本の郵便切手は現在1円から10円まで、すべて発行されている。,×,
14,近畿,16,ミッキーマウスのデビュー映画『蒸気船ウィリー』には、恋人のミニーマウスも出演している。,○,
14,近畿,17,金魚のことを英語でも「ゴールド・フィッシュ」という。,○,
14,四国,1,高校生に大人気のドリームズ・カム・トゥルー。シングルＮＯ．１ヒット曲の総売上げ枚数を今この瞬間（1994年7月3日午前11時）から聴き始めると21世紀に突入する。,○,
14,四国,2,1994年は「仏滅」より「大安」のほうが多い。,×,
14,四国,3,あのベートーベンは、オペラをまったく作ったことがない。,×,
14,四国,4,魚も年を取れば、ウロコが落ちてハゲる。,○,
14,四国,5,たった1年の間に、北極から南極までの長旅をこなしてしまう渡り鳥がいる。,○,
14,四国,6,線路の枕木。英語でも「Sleeper」という。,×,
14,四国,7,日本の川のうち一級河川は名前を変えることができない。,×,
14,四国,8,働きバチはもくもくと働くだけで卵を産むことはできない。,×,
14,四国,9,「気圧の谷」に対して、低気圧と低気圧の間を「気圧の峰」という。,○,
14,四国,10,内閣総理大臣は、全閣僚を兼任して「一人内閣」を発足させることができる。,○,
14,四国,11,投てき3種目「ハンマー投げ」「円盤投げ」「ヤリ投げ」は、古代オリンピックの種目だった。,×,
14,四国,12,小説『ペスト』の作者・カミュは、自分もペストにかかって死んだ。,×,
14,四国,13,現在、日本で発行されている通常硬貨には、すべて植物が描かれている。,○,
14,四国,14,１つの大学が持つ学部の数は、法律で制限されている。,×,
14,四国,15,北半球に野生のペンギンはいない。,○,
14,中国,1,ワールドカップサッカーは、ブラジルが優勝を決めたが、「第1回世界女子サッカー選手権」で優勝したのも、やはりブラジルチームである。,×,
14,中国,2,人間国宝には定員がある。,○,
14,中国,3,ダチョウも脱腸になる。,○,
14,中国,4,赤ちゃんには、土踏まずはない。,○,
14,中国,5,寿司のネタ。大トロ、中トロがあるように、「小トロ」というのもある。,×,
14,中国,6,大理石は、中国の都市・ダーリーで採れるので、その名がついた。,○,
14,中国,7,アジアのオリンピック「アジア競技大会」にも冬の大会がある。,○,
14,中国,8,『サザエさん』の波平には双子の兄がいる。,○,
14,中国,9,イソギンチャクには、海の中を泳ぐ、オヨギイソギンチャクがいる。,○,
14,中国,10,現在発行されている日本の硬貨。額面が大きくなるほど重くなる。,×,
14,中国,11,陸上競技の正式名。走り高跳びは「High　Jump」だが、棒高跳びは「Pole　Jump」という。,×,
14,中国,12,日本の年号には、「寿」という字は使われていない。,×,
14,中国,13,動物のアリクイの好物は、白アリである。,○,
14,中国,14,植物に「母子草」はあるが「父子草」もある。,○,
14,中国,15,『広辞苑』で「回文」という項目を引くと、「たけやぶ焼けた」と載っている。,×,
14,中国,16,文化勲章、メダルの形は菊の花である。,×,
14,中部,1,ハッピーバースデー！満1歳を迎えた人気のJリーグ。地元チーム「名古屋グランパスエイト」「清水エスパルス」「ジュビロ磐田」の選手124人の誕生日で1番多いのは、夏場に強い「7月生まれ」である。,○,
14,中部,2,サメ肌のサメには、ウロコがない。,×,
14,中部,3,父島、母島でおなじみの小笠原諸島には、嫁島、聟島もあれば、媒島（なこうど島）もある。,○,
14,中部,4,小倉百人一首の歌人は、もちろんジャスト100人である。,○,
14,中部,5,ユーカリばっかり食べているコアラ。食事が偏っているのでいつも栄養失調にかかっている。,×,
14,中部,6,マルチーズの緊急入院！さて、種類の違うブルドッグからは輸血をすることができない。,×,
14,中部,7,全国の警察官とガードマン（正しくは警備員というが）の数を比べると、警察官のほうが多い。,×,
14,中部,8,世界の国旗の中にはまったく柄のないものがある。,○,
14,中部,9,スズランはラン科の植物である。,×,
14,中部,10,中国で「勉強」と書くと、「無理やりやらされる」という意味である。,○,
14,中部,11,ネコ科のライオンもネコのようにノドをゴロゴロと鳴らす。,○,
14,中部,12,プロ野球で一度監督に就任すると二度と現役選手として登録することはできない。,×,
14,中部,13,力士のまげを結う「床山」にも定年退職がある。,○,
14,中部,14,「ウスターソース」は「うすい」ソースという意味から名付けられた。,×,
14,中部,15,スペースシャトルには、風呂が付いている。,×,
14,東北,1,祭りの国、東北！福島「相馬の馬追」、青森「ねぶた」、秋田「竿灯」、岩手「さんさ踊り」、仙台「七夕」。これらの祭りはすべて国の重要文化財に指定されている。,×,
14,東北,2,ニワトリは頭にくると、トサカが熱くなる。,×,
14,東北,3,国から給料がもらえる中国のプロサッカー選手は、国家公務員である。,×,
14,東北,4,味噌汁に入れる、あのアサリでも、真珠を作ることができる。,○,
14,東北,5,カエルも脱皮する。,○,
14,東北,6,半月の倍の大きさ、満月は明るさも半月の2倍である。,×,
14,東北,7,大相撲では取り組み中、相手をくすうると反則負けになる。,×,
14,東北,8,車のナンバープレートに、縁起の悪い平仮名「し」という文字は使われていない。,○,
14,東北,9,王手を決めるチェス。もともと「王様」という意味だった。,○,
14,北陸,1,ＮＴＴの番号案内。間違った番号を教えられた場合、お金を返してもらえる。,○,
14,北陸,2,かつて、郵便の父「前島　密」が肖像となった切手には、紙幣・お札と同じように「すかし」が入っていた。,○,
14,北陸,3,郵便物は重さによって料金が違うが、切手の重さも郵便料金の中に含まれる。,○,
14,北陸,4,学校の成績は、生涯保存しなければならないと法律で決められている。,×,
14,北陸,5,ＪＲの駅名。「大正駅」「昭和駅」はあるが、「平成駅」もある。,○,
14,北陸,6,北極グマは寒さのため、1年の半分以上冬眠している。,×,
14,北陸,7,遊び道具のフラフープは、遊びすぎるとフラフラになってしまうことから名前がついた。,×,
14,北陸,8,アメリカで最も多い名字はスミスさん。しかし、アメリカの歴代大統領にスミスさんは1人もいない。,○,
14,北陸,9,日本の歴代の総理大臣と大相撲の横綱。数が多いのは、任期が決まっている総理大臣のほうである。,×,
14,北陸,10,米の銘柄にも、大相撲の横綱と同じ「アケボノ」という名がある。,○,
14,北陸,11,文学賞の「芥川賞」は新人賞なので、受賞者の年齢制限がある。,×,
14,北陸,12,巨人軍60人目の4番打者・背番号60の落合博満は、昭和60年に三冠王に輝いている。,○,
14,北陸,13,ジェットコースターは、運輸大臣の許可を得なければ走らせることができない。,×,
14,北陸,14,『アンネの日記』の作者、アンネ・フランクは『アンネの童話』という本も書いている。,○,
14,北陸,15,イキな遊び「川柳」は、もともと人の名前だったが、「都々逸」も都々逸さんの名から付けられた。,○,
14,北海道,1,1994年7月、向井千秋さんが世界で26人目の女性宇宙飛行士となったが、これで先進7カ国サミットすべての国の女性が宇宙へ旅立ったことになる。,×,
14,北海道,2,北海道の英雄、毛利衛さんをはじめとした男性宇宙飛行士は、サミット参加の先進7カ国すべて宇宙に旅立っている。,×,
14,北海道,3,サケは、海の中にいるとき塩味が分かる。,○,
14,北海道,4,おめでたい動物、「鶴」と「亀」。どちらも日本の元号の文字に使われたことがある。,×,
14,北海道,5,雨上がりにできる虹をレインボーというが、月の光でできる虹はムーンボーという。,○,
14,北海道,6,電車の運転免許も有効期限がある。,×,
14,北海道,7,食虫動物は、虫を食べないと栄養失調で枯れてしまう。,×,
15,沖縄,1,夏本番。沖縄まるごと深呼吸！さあ吸って、吐いて～いくぞ問題！今、吸って吐き出した息。酸素よりも二酸化炭素のほうが多い。,×,
15,沖縄,2,海水にいちばん多く含まれている元素は、酸素である。,○,
15,沖縄,3,パイナップルは形が「松」、味が「リンゴ」に似ていることから、パインとアップルでパイナップルとなった。,○,
15,沖縄,4,ナマコにも、えさを見つける目玉「まなこ」がある。,×,
15,沖縄,5,君たちが熱くなる恋愛の「ラブ」と、テニスの試合で青ざめる無得点の「ラブ」。英単語のつづりは同じである。,○,
15,沖縄,6,日本の国土の最南端は、北回帰線より南にある。,○,
15,沖縄,7,消防車が消火に使った水の料金は、国が支払う。,×,
15,沖縄,8,88の星座には大犬座、子犬座はあるが、猫のつく星座はない。,×,
15,沖縄,9,紅茶にビタミンＣはまったく含まれない。,×,
15,沖縄,10,オーケストラの指揮者は、楽器の演奏がまったくできなくても、なることができる。,○,
15,関東,1,野茂のホームグラウンド、ドジャー・スタジアム上空から大リーグのニューヒーローに上り詰めたアーリントン球場上空まで、ミールが平均速度で一直線に飛んだ場合、その所要時間は、野茂がオールスター戦で最初に３アウトをとった時間より長くかかる。,×,
15,関東,2,クイズの王者「ライオンスペシャル第15回全国高等学校クイズ選手権」。かつてライオンは日本のお札に描かれていた。,○,
15,関東,3,郵便局が最も多い都道府県は、人口の多い東京都である。,×,
15,関東,4,クジラの赤ちゃんはふつう、おぼれないようにしっぽから先に生まれる。,○,
15,関東,5,安くて甘いアンデスメロンは、「安心ですメロン」をもじって名づけられた。,○,
15,関東,6,「上から読んでも下から読んでも山本山」の「山本山」という山は本当にある。,○,
15,関東,7,日本の市町村の中には「村山市」もあれば、「富市村」もある。,×,
15,関東,8,イチロー選手。春・夏の甲子園での通算成績はその名の通り、1安打であった。,○,
15,関東,9,シマウマは顔にもシマがある。,○,
15,関東,10,ハゲタカは、生まれたときからハゲている。,○,
15,関東,11,ＹＥＳ・ＮＯクイズには意外な答えがつきもの。そこで問題。貝の仲間には「イガイ」という貝もある。,○,
15,関東,12,ファスナーはアメリカのチャックさんが発明した。,×,
15,関東,13,『ビバリーヒルズ・コップ』の警官役で大人気のエディ・マーフィ。彼のお父さんも本物の警官だった。,○,
15,関東,14,ユニフォームがなくても背番号さえつければ、高校野球に出場することができる。,×,
15,関東,15,焼き鳥のメニュー「ハツ」は心臓のことだが、これは英語の「ハート」がなまったものである。,○,
15,関東,16,本の警察官は全員、剣道か柔道の段位をとらなければならない。,×,
15,関東,17,カメレオンの長～い舌は、クルクル巻いて口の中にしまっている。,×,
15,関東,18,「国際数学オリンピック」、最初の開催国はスポーツの祭典・近代オリンピックと同じギリシャである。,×,
15,関東,19,世界一小さな国、バチカン市国とここ西武球場。面積が大きいのは西武球場である。,×,
15,関東,20,南極、北極、どちらへ行くにも入国ビザはいらない。,○,
15,関東,21,東京都知事は、やはり東京生まれのほうが多い。,○,
15,九州,1,今日も暑い！1994年の今頃はもっと暑かった。そこで、ここ九州の各県それぞれの歴代最高気温の記録は1994年にすべて塗り替えられた。,×,
15,九州,2,グラハム・ベルが電話を完成させる以前から、すでにファックスは発明されていた。,○,
15,九州,3,学生のオリンピック、ユニバーシアード大会。第1回大会は、オリンピックと同じアテネで開かれた。,×,
15,九州,4,1995年の7月現在、日系人の大統領はペルーのフジモリさん、ただ1人である。,×,
15,九州,5,「パセリ」は「セリ」科の植物である。,○,
15,九州,6,郵便ポストが赤いのは、人目につきやすくするためである。,○,
15,九州,7,川が海へ注ぎ込むところを河の口「河口」というが、英語でもリバーマウスという。,○,
15,九州,8,バレーボールでアタックした球をサッカーのように足でレシーブすると反則になる。,×,
15,九州,9,『広辞苑』の項目に「カレーライス」は載っているが、「ライスカレー」も載っている。,○,
15,九州,10,電話の「１１７」と「１７７」。1日の全国利用回数が多いのは「１７７」の天気予報である。,×,
15,九州,11,キツツキも木をつつきすぎると、ムチウチ症になる。,×,
15,九州,12,4年に1回の「うるう年」、西暦2000年はうるう年である。,×,
15,九州,13,血を求めてさまよう蚊のメスは、成虫になってから死ぬまで血液以外は口にしない。,×,
15,九州,14,ウスターソースは「薄めたソース」がなって、その名がついた。,×,
15,九州,15,法律上、365日すべて「国民の祝日」にすることは可能である。,○,
15,九州,16,ヘビもしゃっくりをする。,×,
15,九州,17,髪の毛のないツルツル頭の人でも、フケは出る。,○,
15,九州,18,♪夕焼け小焼けの～♪。その「小焼け」とは夕焼けになる直前のことである。,×,
15,近畿,1,幼い頃から野球一筋、1995年プロ野球の三冠王を目指す神戸のスーパースター、イチロー選手は小学生時代から中学、高校まで、すべての野球部で全国大会出場を果たしている。,○,
15,近畿,2,山びこは「木の魂」が応えて反響することから「こだま」と呼ばれるようになった。,○,
15,近畿,3,日本の歴代総理大臣の中で、最も短命内閣に終わったのは羽田孜である。,×,
15,近畿,4,宇宙ステーション「ミール」と「アトランティス」の合体は船長の手動でおこなわれた。,○,
15,近畿,5,光の進む距離「光年」。英語でも「light year」という。,○,
15,近畿,6,アルファベット26文字は、すべて元素記号に使われている。,×,
15,近畿,7,デザートの王様「パフェ」は、これ以上ない、つまり「パーフェクト」という意味である。,○,
15,近畿,8,かつて日本の紙幣に1995年の干支「亥」がデザインされたことがある。,○,
15,近畿,9,海の生物「タコ」と空を舞う「凧」。俳句では、ともに春の季語である。,×,
15,近畿,10,樹木を診断する木のお医者さんも国家試験を受けている。,×,
15,近畿,11,世界の国旗の中には、表と裏のデザインが違うものがある。,○,
15,近畿,12,年賀切手には、初夢で見るとめでたい「一富士　ニ鷹　三ナスビ」すべての図柄がある。,×,
15,近畿,13,ウサギはどんなに動き回っても汗をかかない。,○,
15,四国,1,「柿くへば　鐘が鳴るなり　法隆寺」。これ、誰が詠んだ俳句？そう、ふるさと四国が生んだ正岡子規の俳句だよね。そこで問題。この句ができた当時、法隆寺の境内に柿の木はあった。,×,
15,四国,2,うどんの本場、ここ四国！そこで問題、うどんを細く作ると、冷やむぎになる。,○,
15,四国,3,バンジージャンプの「バンジー」とは、ずばり「ゴム」という意味である。,○,
15,四国,4,芝居とは、芝のあるところで演劇を見ていたことから「芝居」と、その名がついた。,○,
15,四国,5,シロナガスクジラの生まれたての赤ちゃんは白い。,×,
15,四国,6,プロ野球の審判員も、野球の殿堂入りができる。,○,
15,四国,7,夏のオリンピックと先進国首脳会議サミットが同じ国で開催されたことはない。,×,
15,四国,8,「レモンスカッシュ」とは、スカッとすることからその名がつけられた和製英語である。,×,
15,四国,9,料理に使う「ラップ」と音楽の「ラップ」。英語のつづりは同じである。,×,
15,四国,10,鉄も熱すると、水と同じように気体になる。,○,
15,四国,11,世界の国旗の中には、一色だけの旗はない。,×,
15,中国,1,ここ中国へのクイズタイフーンは、1995年で15度目の上陸だが、気象庁の発表によると、本物の台風が日本に上陸した1年間の最高数も15個を超えている。,×,
15,中国,2,夏目漱石、新渡戸稲造、福澤諭吉は、お札はもちろん切手の肖像にもなっている。,○,
15,中国,3,お隣、中国には東京、南京、西京、北京と、東西南北すべての都市がある。,×,
15,中国,4,「アルファベット」はギリシャ文字のアルファとベータにちなんだ言葉である。,○,
15,中国,5,郵便局の中には、銀行のように外国のお金の両替を行っているところもある。,○,
15,中国,6,1年150日間とされる通常国会。延びに延びて1年間おこなわれたこともある。,×,
15,中国,7,『我輩は猫である』を書いた夏目漱石は生涯一度もネコを飼わなかった。,○,
15,中国,8,飛行機の速さを表す「マッハ」は、物理学者マッハさんにちなんで名づけられた。,○,
15,中国,9,相撲界には体の大きな小錦関がいるが、ニシキゴイの中にも体の大きな「コニシキゴイ」という品種がいる。,×,
15,中国,10,携帯電話の番号も電話帳に登録することができる。,○,
15,中国,11,カンガルーの赤ちゃんは、母親のおっぱいを飲むときはおなかの袋から出てくる。,×,
15,中部,1,お店で販売することを目的に作られた日本で最初のＣＤ（コンパクトディスク）も、この中部ブロックで誕生した。,○,
15,中部,2,名誉市民の称号を持つベルギーの「小便小僧」は両手でオチンチンをもっている。,×,
15,中部,3,「歩くような速さ」という意味のアンダンテは、音楽家のアンダンテさんが歩いた速さにちなんでいる。,×,
15,中部,4,動物園も博物館の１つである。,○,
15,中部,5,入試問題に、作者に無断で小説を引用すると著作権の侵害になる。,×,
15,中部,6,アメリカの歴代大統領の中には「アメリカ独立記念日」である7月4日に生まれた大統領もいる。,○,
15,中部,7,破れたお札。残った面積が半分なら、取り替えてもらえるのも半額である。,○,
15,中部,8,「天は人の上に人を造らず　人の下に人を造らず」といった福沢諭吉は、上にも下にも兄弟はいなかった。,×,
15,中部,9,同じ種類の巻き貝でも、北半球と南半球ではその巻き方が左右反対である。,×,
15,中部,10,君たち現役高校生でも、弁護士になることはできる。,○,
15,中部,11,オーストラリアの国歌は、オーストラリアを代表する偉大な作曲家モーツァルトの曲である。,○,
15,中部,12,『雪国』を書いた川端康成。生まれたのも雪国である。,×,
15,中部,13,野球に「永久欠番」があるように、相撲にも永久に使われないシコ名がある。,×,
15,中部,14,現在、オリンピックの陸上世界記録保持者の中に日本人は1人も入っていない。,○,
15,中部,15,日本の元号には漢字4文字のものもある。,○,
15,中部,16,「アラジンと魔法のランプ」「アリババと40人の盗賊」などの話がある『千夜一夜物語』は、本当に1001話ある。,×,
15,中部,17,今年の干支「亥」は、あのアルタミラの洞窟画にもある。,○,
15,中部,18,200キロ以上走るＪＲの長距離列車は、必ず車内販売をしなければならないと決められている。,×,
15,東北,1,夏を呼ぶバンド、ＴＵＢＥ！彼らがリリースした曲の歌詞を見てみると、「閑さや　岩にしみ入　蝉の声」の「しずか」「岩」「しみいる」「蝉」「声」と、これらの言葉が集まって芭蕉の句ができあがる。,○,
15,東北,2,日本の道交法には横断歩道を渡るとき「手を上げなければならない」とある。,×,
15,東北,3,東北６県すべて、男性よりも女性の人口のほうが多い。,○,
15,東北,4,小粒でもピリリと辛い山椒は、ワサビ科の植物である。,×,
15,東北,5,カエルにも「まぶた」がある。,○,
15,東北,6,レオナルド・ダ・ヴィンチの不朽の名作『最後の晩餐』は、『モナ・リザ』よりも先に描かれた。,○,
15,東北,7,水面を走るアメンボの足には、水をはじくための毛が生えている。,○,
15,東北,8,『宝島』という小説は有名だが、日本にも宝島という島はある。,○,
15,東北,9,歴代の横綱で、漢字一文字のシコ名は「曙」ただ1人である。,×,
15,東北,10,ビタミンＢ１を２つ結合すると、ビタミンＢ２になる。,×,
15,東北,11,森鷗外は小説『青年』のあとに『ぢいさんばあさん』という作品も書いている。,○,
15,東北,12,配列表によると、原子番号が大きくなればなるほど、原子量も大きくなる。,×,
15,東北,13,結婚50年目の「金婚式」。英語でも「ゴールデン・ウエディング」という。,○,
15,東北,14,サミット先進国首脳会議が初めて行われたのは、君たちの目指す「アメリカ」である。,×,
15,東北,15,プロ野球12球団の監督。血液型は王監督と同じＯ型が最も多い。,○,
15,東北,16,テニスのラケットは、規定内であれば球を打つフレームの部分を四角いデザインにしても構わない。,○,
15,東北,17,ＪＩＳ規格では、エンピツはもちろん、イロエンピツにもＨからＢまでの濃度の規定がある。,×,
15,東北,18,日本にボーイスカウトとガールスカウトが入ってきたのは昭和になってからである。,×,
15,東北,19,五月の雨と書く「五月雨」は、梅雨のことである。,○,
15,東北,20,「９９９」で終わる日本の郵便番号。始まりは「０００」である。,×,
15,東北,21,サマータイム制、最初に導入したのはアメリカである。,×,
15,東北,22,紅茶の木とコーヒーの木は同じ仲間である。,×,
15,北陸,1,夢の船出！あの「海王丸」のように、日本の運輸省に登録されている20トン以上の船には、太陽系の惑星すべての星の名前がある。,×,
15,北陸,2,赤貝は肉が赤いだけでなく、赤い血も流す。,○,
15,北陸,3,アメリカのノーベル賞受賞者数は、すべての部門でナンバー１である。,×,
15,北陸,4,しょうゆの塩分は「うすくち」よりも「こいくち」のほうが濃い。,×,
15,北陸,5,野球の「ショート」、ケーキの「ショート」、電気の「ショート」、スペルはすべて同じである。,○,
15,北陸,6,サミット先進国７カ国、すべてにノーベル賞の受賞者がいる。,○,
15,北陸,7,カスタネットは、発明した「カスタネットさん」にちなんだ名前である。,×,
15,北陸,8,すっかりコーヒー好きになった日本人。消費量も本家アメリカに次いで世界第2位である。,×,
15,北陸,9,砂糖とハチミツ。カロリーが高いのは、ハチミツである。,×,
15,北陸,10,ソラマメは、サヤが空に向かって伸びることからその名がついた。,○,
15,北陸,11,アメリカの上院、下院の議員数よりも、日本の国会議員のほうが多い。,○,
15,北海道,1,君たちが目指すお祭り好きで陽気なアメリカと仕事好きで勤勉な日本。国民の祝祭日を比べると、休みの日が多いのは、意外にも働きバチといわれる日本のほうである。,○,
15,北海道,2,ミツバチのミツ。吸った花の種類によってできるミツの味が違う。,○,
15,北海道,3,金魚も涙を流す。,×,
15,北海道,4,パワーの源ともなる米、その種類に「ねばり勝ち」というものもある。,○,
15,北海道,5,イギリス人が日本で英検を受けても構わない。,○,
15,北海道,6,トナカイは冬になると鼻が赤くなる。,×,
15,北海道,7,日本で最初に「推理小説」という言葉を使ったのは、江戸川乱歩である。,×,
15,北海道,8,マリに似ていることから、その名がついた阿寒湖のマリモ。英語でも「レイク・ボール」という。,○,
16,沖縄,1,沖縄が生んだスーパースター、安室奈美恵！ここ沖縄県には「アムロ島」はあるが、「ナミエ島」もある。,×,
16,沖縄,2,「ハリネズミ」はいるが、「ハリモグラ」もいる。,○,
16,沖縄,3,日本には「姉妹都市」と同じように「親子都市」というのもある。,×,
16,沖縄,4,レモン、グレープフルーツ、ネーブルなど、柑橘類の果物はすべてミカン科の植物である。,○,
16,関東,1,1996年、スポーツの祭典、アトランタオリンピック。日本選手団が世界の強豪の打ち勝つために持ち込んだ「切り札」を全選手に聞いた。その結果、YAWARAちゃんをはじめ、回答のあった総勢86名のバッグの中には、勝利の守護神「お守り」よりもストレス解消の妙薬「梅干し」のほうが多かった。,×,
16,関東,2,ここ西武球場から世界中にアクセスできる夢のアイテム、携帯電話！現在、普及率急上昇のわがニッポン。加入者数はアメリカを抜いて世界一である。,×,
16,関東,3,重いものを持ち上げるとき「ヨイショ！」とかけ声を出したほうがより力が出る。,○,
16,関東,4,卵を抱くメンドリは温め残しがないように、ときどき卵をひっくり返す。,○,
16,関東,5,信号機。青黄赤のうち、電球を交換する回数が最も少ないのは点灯時間がいちばん短い黄色である。,○,
16,関東,6,海にすむクラゲは、魚の仲間である。,×,
16,関東,7,駅伝には欠かせない「たすき」。肩から斜めにかけて走らないと失格になる。,○,
16,関東,8,剣道で「メーン！」と言いながら小手を売っても、一本は一本である。,×,
16,関東,9,1円玉と1万円札。重いのは1円玉である。,×,
16,関東,10,「石橋をたたいて渡る」よりも、さらに用心深いことを「石橋をたたいて渡らない」という。,○,
16,関東,11,ペンペン草の「ペンペン」とは三味線の音から名づけられたものである。,○,
16,関東,12,カレーの本場インドの赤ちゃんは、離乳食にやはりカレーを食べる。,○,
16,関東,13,飛行機の定員数には機長やスチュワーデスの数も含まれる。,×,
16,関東,14,蚊取り線香があるようにハエ取り線香がある。,○,
16,関東,15,「フトモモ」という果物はあるが、「フクラハギ」という植物もある。,×,
16,関東,16,軽い朝食として人気のコーンフレークはアメリカのケロッグ兄弟が考え出した。,○,
16,関東,17,食虫植物は虫を食べないと枯れる。,×,
16,九州,1,1996年、ここ九州全県から45人もの選手がアトランタオリンピックに出場している。そこで問題。アトランタオリンピックの日本代表全選手310人の出身地をみると、47都道府県すべてに代表選手がいる。,×,
16,九州,2,クイズで用心したい「ひっかけ問題」。大相撲の決まり手の中にも「ひっかけ」という技がある。,○,
16,九州,3,ダイエットなどに使われるヘルシーなリンゴには、当然コレステロールはない。,○,
16,九州,4,日本のお札にはじめて登場した眼鏡の男性は現在の5000円札、新渡戸稲造である。,×,
16,九州,5,オリンピックの水泳競技大会で女性はビキニをつけて出場することはできない。,○,
16,九州,6,漫画『サザエさん』。サザエさんの独特の髪型は、海に住むサザエがモデルである。,×,
16,九州,7,福岡ドームがオープンした1993年、この球場で記念すべき公式戦の初ホームランを記録したのはダイエーの秋山である。,×,
16,九州,8,ネギの仲間には、長ネギ、玉ネギのほかにカモネギもある。,×,
16,九州,9,ア行とカ行で始まる都道府県名。多いのはア行のほうである。,○,
16,九州,10,太陽も自転する。,○,
16,九州,11,ミミズにも雄と雌の性別がある。,×,
16,近畿,1,夏の高校野球。最も多く優勝している都道府県は甲子園球場のある兵庫県である。,×,
16,近畿,2,隣の家から垣根をもぐって生えたタケノコ。勝手に食べると罪になる。,×,
16,近畿,3,土佐から京都へ戻るまでを書いた、紀貫之の『土佐日記』。日記だけに1日たりとも欠けていることはない。,○,
16,近畿,4,「清く正しく美しく」がモットーの宝塚歌劇団。入団したときの体重以上太ると退団させられる。,×,
16,近畿,5,女子の新体操で宙返りすると減点になる。,○,
16,近畿,6,1000以上の特許をもつ発明王エジソンの特許第1号はもちろん電球である。,×,
16,近畿,7,日本のお札と硬貨。表面と裏面が法律で決められている。,×,
16,近畿,8,タラが多くいるタラ場の住人、タラバガニはヤドカリの仲間である。,○,
16,近畿,9,空から降る「ひょう」と「あられ」。粒がより大きいのは「ひょう」である。,○,
16,近畿,10,女性宇宙飛行士はいるが、日本国内の定期航空路線に女性パイロットは1人もいない。,○,
16,近畿,11,国会の傍聴券は、映画の入場券のようなキリトリ線が入っている。,○,
16,近畿,12,国会が解散になると、議員バッジは回収される。,×,
16,近畿,13,国際語エスペラント語の協会本部は永世中立国のスイスにある。,×,
16,近畿,14,21世紀最初の日、2001年1月1日は偶然にも1996年のお正月と同じ月曜日である。,○,
16,四国,1,小説『二十四の瞳』を書いた壺井栄は、物語と同じように小豆島の分教場で先生をしていた。,×,
16,四国,2,アトランタオリンピックが行われたジョージア州は初代大統領、ジョージ・ワシントンにちなんで、その名がつけられた。,×,
16,四国,3,橋本龍太郎はその名のとおり、辰年生まれである。,×,
16,四国,4,日本には兄弟で総理大臣になった人もいる。,○,
16,四国,5,四国が生んだ文壇の大御所、菊池寛は芥川賞と直木賞を制定したが、ここ四国・岡山５県のいずれも、その芥川賞・直木賞両方の受賞者を出している。,×,
16,四国,6,高校生クイズで必要な「チームワーク」は和製英語である。,×,
16,四国,7,ファイアー！　いまだかつて切手のデザインに火が使われたことはない。,×,
16,四国,8,王様のリゾート地に合わせて、首都がそのつど変わる国もある。,×,
16,四国,9,芥川賞と直木賞を制定した菊池寛。自らも直木賞を受賞している。,×,
16,中国,1,オリンピック・マラソン競技の給水地点に、カツ丼や広島名物のお好み焼きなど選手の好物を自由に置いてもかまわない。,○,
16,中国,2,大西洋横断単独無着陸飛行に成功した、大空の冒険家リンドバーグは1931年に日本に来ているが、このときもちろん自分で飛行機を操縦して飛んできた。,○,
16,中国,3,気象庁の観測では、天気雨のとき記録上は「晴れ」となる。,×,
16,中国,4,「ファスナー」の別名、「チャック」はぴったりしまる「きんちゃく袋」から名前がついた。,○,
16,中国,5,日本で最初の切手にも、ちゃんと糊がついていた。,×,
16,中国,6,川魚のイワナもヤマメもサケ科の魚である。,○,
16,中国,7,頭蓋骨にも関節がある。,×,
16,中国,8,「ネコババ」された人のことを「イヌジジ」という。,×,
16,中国,9,ピアノとオルガン。歴史が古いのはピアノである。,×,
16,中部,1,名古屋城、犬山城をはじめ、多くの名城を誇るここ中部５県の中に、あそこに見えるアドバルーン（４５ｍくらい）よりも高くそびえる城がある。,○,
16,中部,2,1896年の第1回、アテネオリンピック。最も多くの国で優勝した国はご当地ギリシャだった。,×,
16,中部,3,47都道府県のうち、半分以上が夏の甲子園の優勝チームを出している。,○,
16,中部,4,カメレオンは怒ると赤くなる。,×,
16,中部,5,ニワトリは怒ると「とさか」が立つ。,×,
16,中部,6,有名な曲『ねこふんじゃった』。世界中どこへ行っても登場するのはネコである。,×,
16,中部,7,ゲンジボタルは卵のときから光を出している。,○,
16,中部,8,モーツァルトの葬式に、『運命』を作曲したあのベートーベンも参列した。,×,
16,中部,9,プロボクシングでは、覆面ボクサーも存在する。,×,
16,中部,10,　電気製品はどんなものでも電源を入れると、電磁波を出す。,○,
16,中部,11,アスパラガス。太陽次第でグリーンにもホワイトにもなる。,○,
16,中部,12,うるう年は必ず4年に1度やってくる。,×,
16,東北,1,　「あきたこまちのはえぬきと　夢ごこちでめぐりあい日本晴のほほえみに　ゴロピカリとひとめぼれ　こいごころにはあかね空のきらら３９７　おとめごころの一本〆をこころまち」。この文章、助詞以外はすべてお米の品種である。,○,
16,東北,2,仙台の七夕は有名だが、日本には「あまのがわ」という名前の川がある。,○,
16,東北,3,イチローがプロ入り初のホームランを打ったのは、あの野茂からである。,○,
16,東北,4,郵便小包はあるが、郵便大包もある。,×,
16,東北,5,世界一の絹糸の生産地はシルクロードが通る中国である。,○,
16,東北,6,マイクロ波で食品を加熱する電子レンジは日本の発明品である。,×,
16,東北,7,陸上競技のリレー。バトンは何回落としてもかまわない。,○,
16,東北,8,国会議事堂。男性用のトイレ表示は「殿方」である。,×,
16,東北,9,淡水湖と塩水湖。その区別はやはり塩分濃度で決められる。,×,
16,東北,10,日本の元号に漢字4文字はあるが、3文字はない。,○,
16,東北,11,宇宙空間で体がむくんだり、太ることを「スペースデブリ」という。,×,
16,北陸,1,船に涙はつきもの。YES･NOにも涙はつきもの。ドラ、出航、『蛍の光』そして別れのテープ。なかでも世界的な習慣となった船出のテープ。このセレモニーが初めておこなわれたのはわが国、日本の港である。,×,
16,北陸,2,タコクラゲはいるが、クラゲダコもいる。,○,
16,北陸,3,右回りの扇風機。南半球に輸出する場合は左回りにして送っている。,×,
16,北陸,4,５４巻からなる『源氏物語』には『夕顔』という巻はあるが、『朝顔』『昼顔』もある。,×,
16,北陸,5,日本で初めて指定された国鳥は、１万円札に描かれているキジである。,○,
16,北陸,6,イギリスとフランスの間に起きた「百年戦争」。もちろん期間はジャスト１００年である。,×,
16,北陸,7,出生届けは名前が決まらないと受けつけてくれない。,×,
16,北陸,8,富士山の頂上。雪は降るが、雨は降らない。,×,
16,北陸,9,魚のサケの仲間には「紅ザケ」もいれば「白ザケ」もいる。,○,
16,北陸,10,ソフトクリームのカップを「コーン」というが、これはトウモロコシ、すなわち「コーン」で作られていたためである。,×,
16,北陸,11,黒砂糖は黒いさとうきびからとれる。,×,
16,北陸,12,彗星の尾っぽは太陽に近づくほど長くなる。,○,
16,北陸,13,ハワイの民族舞踊、フラダンスの正式名はフラフラダンスである。,×,
16,北海道,1,北海道には大雪山、釧路湿原、網走、大沼など、風光明媚な自然公園がたくさんあるが、そこで問題！現在、日本で国立公園、国定公園の両方に指定されている公園もある。,×,
16,北海道,2,国際オリンピック委員会によると、オリンピックメダルの直径は500円玉3枚分の直径よりも大きくなければならない。,×,
16,北海道,3,登録されているクリの品種にはビッグサイズの「ビックリ」というのがある。,×,
16,北海道,4,プーと鳴ると恥ずかしいオナラ。もともと音を「鳴らす」ことから名づけられた。,○,
16,北海道,5,ブーンとうるさい夏の風物詩、蚊。その主食は血液である。,×,
16,北海道,6,国の名前と首都の名が同じ国はない。,×,
16,北海道,7,東京のシンボル、あの東京タワーは外国人の設計である。,×,
16,北海道,8,官製ハガキの切手の部分を切り取れば、普通の切手としても使える。,×,
16,北海道,9,南極昭和基地の平均気温は、季節が逆転する南半球だけに8月が最も低い。,○,
16,北海道,10,大相撲の三賞。「殊勲賞」「敢闘賞」「技能賞」は勝ち越した力士でなければ受賞できない。,○,
16,北海道,11,数ある交響曲の中に、ゼロ番から始まるものはない。,×,
17,沖縄,,NTTのポケベル番号も、電話帳に載せることができる。,×,
17,沖縄,,保管が大変な「落し物」。警察の判断で売ってもかまわない。,○,
17,沖縄,,2人乗りが禁止されている自転車も、サルと一緒なら許される。,○,
17,沖縄,,台風の1号と2号が合体すると、「台風3号」に名前が変わる。,×,
17,関東,1,香港返還の象徴のひとつ“北京発九龍行き”夢の直行便・一番列車には、その日を誰よりも待ち望んでいた中国の最高実力者　故・鄧小平氏の写真が飾られていた。 ,×,
17,関東,2,新たなる歴史の目撃者・香港の高校生１０００人に「今、一番行ってみたい国」を聞きました。結果、1番多かったのは祖国、中国であった。,？,
17,関東,3,1円玉は年号の数字によって、毎年微妙に重さが違う。,×,
17,関東,6,ミミズにも脳がある。,○,
17,関東,,日本でもっとも長く続いた年号は「昭和」だが、5000年の歴史を誇る中国には、もっと長く続いた年号がある。,×,
17,関東,,日本人で初めてラーメンのルーツとなる麺を食べたのは、水戸黄門である。,○,
17,九州,1,消費税でよく使う5円玉は、1円玉5つ分より重い。,×,
17,九州,,飼い犬が靴や靴下を部屋の隅などに隠すのは、飼い主の匂いが許せないからである。,×,
17,九州,,ゴリラの学名は「ゴリラゴリラ」である。,○,
17,九州,,『資本論』で知られる経済学者マルクスも、借金をしていた。,○,
17,九州,,「♪咲いた　咲いた　チューリップの花が　並んだ　並んだ　赤・白・黄色」とあるように、チューリップの国オランダの国旗も赤・白・黄色である。,×,
17,近畿,1,１９９４年９月４日、関西国際空港を離陸した記念すべき第一便の行き先は、君たちの目指す、あの香港であった ,×,
17,近畿,,注射器の針の穴は、さらに細い針を使ってあける。,×,
17,近畿,,女子高生の必須アイテム「ルーズソックス」のルーズと、「ルーズリーフ」の「ルーズ」。ともに英語のつづりは同じである。,○,
17,近畿,,川の真ん中にある国境線。川の流れが移動すると、国境線も移動することがある。,○,
17,近畿,,江戸時代の学校、「寺子屋」にも、一斉ペーパーテストがあった。,×,
17,四国,,大相撲を観戦していて、力士の下敷きになった場合、治療費は自腹となる。,×,
17,四国,,世界一大きいネオンサインの記録を持つ香港には、世界一長いラーメンの記録もある。,×,
17,四国,,「オリンピック」が「五輪」と訳されたのは、東京オリンピックからである。,×,
17,四国,,音楽の都、オーストリアの国家は、もちろんモーツァルト作曲である。,○,
17,四国,,インターネットを利用する人たちのマナー「エチケット」を”ネチケット”という。,○,
17,中国,1,高校生クイズ決勝の地、香港。１９９７年７月１日に、香港が中国に返還されましたが、この運命の日を決めた調印式も、７月１日だった。,×,
17,中国,2,ＪＲの寝台列車。12歳未満であれば、親と添い寝をすれば寝台券は1枚でよい。,○,
17,中国,3,童謡「おもちゃのチャチャチャ」。正確に5番までフルコーラス歌うと、「チャ」と100回以上歌う。,×,
17,中国,4,日本初のＴＶコマーシャルは、時報を知らせる時計会社のものであった。,○,
17,中国,5,ツルは千年、カメは万年というが、「ツルカメ」というめでたいカメもいる。,×,
17,中国,決勝,オリンピックのドーピング検査は、1896年の第1回アテネ大会から行われていた。,×,
17,中国,決勝,「ピカ一」という言葉は一番星からきた言葉である。,×,
17,中国,決勝,ホテルの「スイートルーム」とは、かつて貴族たちが甘い生活を楽しむために利用したことに由来する。,×,
17,中国,決勝,タクシーがバックすると、その間の料金は加算されない。,×,
17,中国,決勝,「ミッキーマウス」は広辞苑に載っているが、「ミニーマウス」も載っている。,×,
17,中国,決勝,ぼた餅は、ボタッと落として作ることからその名がついた。,×,
17,中国,決勝,天気図には「不明」という記号もある。,○,
17,中国,決勝,ドライアイスから出る白い煙は、ただの水蒸気である。,○,
17,中国,決勝,ゾウの牙は、死ぬまで伸び続ける。,○,
17,中国,決勝,ヘビにシッポはない。,×,
17,中国,決勝,トビウオは、頭の向きを変えずに後ろにも飛ぶことができる。,×,
17,中国,決勝,童謡「たきび」。1番の歌詞で落ち葉でたき火をするが、2番の歌詞では焼き芋を焼く。,×,
17,中国,決勝,ちびまる子ちゃんと「サザエさん」のワカメちゃん。学年は同じである。,○,
17,中国,決勝,人気アイドル・広末涼子は本名である。,○,
17,中国,決勝,日本にある98の国立大学名には、すべて地名が入っている。,×,
17,中部,1,21世紀最初の万国博覧会が2005年に愛知で開催されることが決定しました。そこで問題。日本が初めて参加したパリ万博に向かった幕府一行の船は、途中、今年の決勝地でもある香港に立ち寄っている。,○,
17,中部,2,日本の海外旅行者の行き先。去年1年間はハワイより香港のほうが多かった。,×,
17,中部,3,新幹線「のぞみ」は「こだま」よりもスピードが速いぶん、消費電力量が多い。,×,
17,中部,4,北アメリカ大陸のナイアガラの滝は、見映えをよくするため観光シーズンになると水の量をふだんより多く流す。,○,
17,中部,5,柔道王国、日本！オリンピック男子すべての階級で金メダルをとっている。,×,
17,東北,,まつげも、まゆ毛と同じように白髪になる。,○,
17,東北,,野球で3番・4番・5番バッターのことを”クリーンアップ”というのは、累上の走者をクリーンに一掃してしまうところから、その名がつけられた。,○,
17,東北,,ペットボトルのペットとは、ペットのようにいつでもそばに、という意味を込めて、その名がつけられた。,×,
17,東北,,高校生クイズは3人のチームワークだが、3人で力をあわせてノーベル賞を受賞しても、賞金はもちろん、1人分である。,○,
17,北陸,1,飛行機の操縦士をパイロットというが、副操縦士はコパイロットという。,○,
17,北陸,2,映画の「松竹」は松竹梅でいう梅のランクの映画は作らないという意味をこめて”松竹”とその名を決めた。,×,
17,北陸,3,動物のナマケモノは、汗をかかない。,×,
17,北陸,4,「レンコン」の穴の数は決まっている。,×,
17,北陸,5,右手と左手の指紋は左右対称である。,×,
17,北海道,1,香港が産んだ世界のスーパースター。あのブルース･リーとジャッキー･チェンは映画で共演したことがある。,○,
17,北海道,2,返還後の香港へ電話をかけるとき、国番号は中国と同じである。,×,
17,北海道,3,「五月晴れ」といわれるように、5月は全国的に最も降水量が少ない月である。,×,
17,北海道,4,回数券などをいう「クーポン」。本来の意味は「得をする」である。,×,
17,北海道,5,磁石に１円玉はくっつかないが、１万円札はくっつく。,○,
17,全国,準決勝,ことわざ「腐っても鯛」。アメリカでは「焦がしてもサーロインステーキ」という。,×,
18,沖縄,,魚の種類に、キンメダイ、ギンメダイもあれば、ドウメダイもある。,×,
18,沖縄,,ボンレスハムはドイツのボンレスさんが発明したので、その名がついた。,×,
18,沖縄,,南国の沖縄県では、観測史上一度も気温が氷点下を記録したことがない。,○,
18,沖縄,,南国･沖縄を象徴するサンゴ。サンゴの仲間には南極の海に生きるものもある。,○,
18,沖縄,,ウミガメの仲間にアカウミガメはいるが、アオウミガメもいる。,○,
18,沖縄,,ゴマ油に唐辛子を入れたラー油。「ラー」とは、中国語で辛いという意味である。,○,
18,関東,1,世界の通貨の中で、水に浮くコインは日本の1円玉だけである。,×,
18,関東,2,ワールドカップのトロフィーを、西武ドームのフィールドの最長部分と同じ高さに拡大すると、その重さは日本の高校生の全体重より重くなる。,○,
18,関東,3,水泳で速く泳ぐことができるのはクロールだが、宇宙遊泳においても同じクロールである。,×,
18,関東,4,有名な「小便小僧」があるブリュッセルには、「小便娘」という像もある。,○,
18,関東,5,ナマズのメスにはヒゲはない。,×,
18,関東,6,現在の日本の人口で、昭和生まれの次に多いのは、大正よりも、平成生まれである。,○,
18,関東,7,水銀はその名の通り、成分の中に水素を含んでいる。,×,
18,九州,1,Ｊリーグ１８チームのホームスタジアム。その合計収容人数は、ここ九州の高校生５３０，３２７人全てを収容できる。」,○,
18,九州,,先進国首脳会議サミットに出席する代表は、その国の首相、または大統領のみと決められている。,×,
18,九州,,7桁の郵便番号。777-7777のように、ひとつの数字が７つ並ぶ地域もある。,×,
18,九州,,トイレットペーパーの横幅は、手のひらの幅を基準にして作られた。,×,
18,九州,,サッカーワールドカップで試合開始前に行われるコイントス。そのコインは開催国の硬貨を使うと決められている。,×,
18,九州,,日本全国47都道府県、すべてに天然の温泉が１ヶ所はある。,○,
18,九州,,生まれた川に戻る習性のあるサケ。稚魚のまま海に出られなかった場合、川魚として一生をすごす。,○,
18,近畿,1,全長3991メートル。世界一の長さを誇る吊り橋「明石海峡大橋」は、姉妹都市と同じように世界で2番目に長い吊り橋と「姉妹橋」関係を結んでいる。,○,
18,近畿,2,世界遺産。名城姫路城の大天守閣の正面は、東向きである。,×,
18,近畿,3,平和のピースと豆のピース。英語のつづりは同じである。,×,
18,近畿,4,児童福祉法によれば、18歳未満の人は全て「児童」である。,○,
18,近畿,5,陸上競技の棒高跳び。踏み切ったあと、ボールをよじのぼってバーをクリアしてもかまわない。,×,
18,近畿,6,宝塚歌劇団では、一度決まった男役・女役は途中から転向することはできない。,×,
18,四国,1,日本で初めて英会話の教科書を書いたのは、世界を股にかけて活躍した四国出身のジョン万次郎である。,○,
18,四国,2,未成年は宝くじを買うことはできないと法律で決められている。,×,
18,四国,3,アリも成虫になる前は、サナギである。,○,
18,四国,4,NTTの時報案内では、１月１日午前０時には「明けましておめでとうございます」というアナウンスが入る。,×,
18,四国,5,フランスパンは、フランスでもフランスパンという。,×,
18,中国,,鍋料理に欠かせないポンズとは、「ニッポンの酢」が略されたものである。,×,
18,中国,,電圧の単位ボルトも、電流の単位アンペアも、人名から付けられたものである。,○,
18,中国,,真っ暗な深海に住むタコの中には、敵に襲われたときに黒い墨を吐くかわりに、体を光らせて身を守るものもいる。,○,
18,中国,,シャンプーのあとに使うリンス。リンスとは「すすぐ」という意味である。,○,
18,中国,,郵便切手と官製ハガキ。日本で先に発行されたのは郵便切手である。,○,
18,中国,,ヒットすれば続編が出る映画界。これまでシリーズものの映画が2年連続でアカデミー賞作品賞を受賞したことがある。,×,
18,中国,,国土地理院の日本地図に描かれている海岸線は、潮が満ちているときのものである。,○,
18,中国,,果物のイチジクは、1本の木になっている実がすべて一度に熟すことからその名がついた。,×,
18,中国,,世界遺産の厳島神社。一度登録された世界遺産は天災などで壊れても登録を取り消されることはない。,×,
18,中部,1,今年の冬季五輪で金メダル100個を達成した日本。歴代金メダリストは、中部５県すべてから輩出している。,×,
18,中部,2,この金の鯱。尻尾は天を向いているが、頭は東と西を向いている。,×,
18,中部,3,日本の警察犬の中には、ペットで人気のゴールデンレトリバーもいる。,○,
18,中部,4,富士山の山頂。フジサンだけに最高気温が23.3℃以上を記録したことがある。,×,
18,中部,5,ハガキに切手を貼りすぎたとき、請求してくれば返金してくれる。,○,
18,中部,6,水戸黄門でおなじみの「印籠」。もともと、その名の通り印鑑を入れるためのものだった。,○,
18,東北,,牛乳の成分。５割以上は水分である。,○,
18,東北,,日本のお札。記念硬貨があるように、かつて記念紙幣も発行されたことがある。,×,
18,東北,,アインシュタインはノーベル物理学賞の他に、化学賞も受賞している。,×,
18,東北,,仙台に残る国指定重要文化財。坤輿万国全図は、室町時代よりも前につくられた。,×,
18,東北,,外国人でも、日本の文化勲章は受章できる。,○,
18,北陸,,ポパイの大好物「ほうれん草」にも花は咲く。,○,
18,北陸,,英語で男の子っぽい「ボーイッシュ」に対して、女の子っぽいことは「ガーリッシュ」という。,○,
18,北陸,,たらちりや、ふぐちりの「ちり鍋」。「ちり」は、魚の身がちりちりっと縮むところからその名がついた。,○,
18,北陸,,電気ナマズ、電気クラゲ、電気ウナギ。いずれも電気を出す。,×,
18,北海道,1,北の大地を象徴する北海道の木・花・鳥に指定されている「エゾマツ」「ハマナス」「タンチョウヅル」は、いずれも日本の記念切手に描かれている。,×,
18,北海道,2,国土地理院の2万5千分の1の地図上で、学校を表す地図記号は小学校から高校まですべて同じ形である。,×,
18,北海道,3,人気キャラクター「スヌーピー」は、戌年生まれである。,×,
18,北海道,4,水をガブガブ飲むと「水太り」になるが、これは肥満の原因にはならない。,○,
18,北海道,5,ティッシュペーパーには表裏がある。,○,
18,全国,1回戦,まじめでよく働く人を「まめ」と言うが、漢字ではマメ科の「豆」と書く。,×,
18,全国,1回戦,「玉に瑕（きず）」と反対の意味。少しだけよい点があるときは「瑕に玉」という。,○,
18,全国,1回戦,「イチコロ」とは、一撃でコロリと倒れるという意味である。,○,
18,全国,1回戦,車の運転に自信がなくなれば、自ら免許の取り消しを申請することができる。,○,
18,全国,1回戦,岡山県出身の政治家・犬養毅は、自分の名にちなみ犬を飼っていた。,○,
18,全国,1回戦,平成10年に首相になった小渕恵三さん。平成に入ってちょうど10人目の首相である。,×,
18,全国,1回戦,5円玉と50円玉。真ん中の穴の大きさは同じである。,×,
18,全国,1回戦,霧とモヤ。気象観測法でより遠くまで見え、視界が広いのはモヤである。,○,
18,全国,1回戦,冬眠中のクマも、さすがに糞や尿をしたくなると起きる。,×,
18,全国,1回戦,動脈は脈をうつが、静脈は脈をうたない。,○,
18,全国,1回戦,ニワトリ以外のどんな鳥のヒナも、ヒヨコという。,×,
18,全国,1回戦,中国では、サッカーボールを漢字でパンダボールと書く。,×,
18,全国,1回戦,ワールドカップ・フランス本大会を戦った日本代表に、東京都出身者は1人もいない。,○,
19,沖縄,1,かつて、誕生の日時が同じ「双子の台風」はあったが、「三つ子の台風」はない。,×,
19,沖縄,2,北の大地・北海道札幌市と、南の楽園・沖縄県那覇市。観測史上最も気温が高いのは那覇市である。,×,
19,沖縄,3,ニュースは、情報が四方から伝わってくることから、ノース、イースト、ウェスト、サウスの頭文字をとって「ＮＥＷＳ」となった。,×,
19,沖縄,4,水虫という虫はいない。,×,
19,沖縄,5,月食が起こるのは、満月の日と決まっている。,○,
19,沖縄,6,ネギもタマネギも、同じユリ科の植物である。,○,
19,沖縄,7,子どもに「いちろう」という名前を付けるとき、アラビア数字の「１」を使ってもよい。,×,
19,関東,1,激動の20世紀を見続けてきた国会議事堂。その高さは「西武ドーム」とほぼ同じだが、1936年完成当時、日本一高い建築物だった。,○,
19,関東,2,平成の怪物、松坂くんと同じ「大輔」と書く甲子園球児は、平成以降、関東ブロック8都県すべてに存在する。,○,
19,関東,3,キツツキは木をつつくとき、脳震とうを起こすこともある。,×,
19,関東,4,南極大陸にもヘビはいる。,×,
19,関東,5,「それいけ！　アンパンマン」の原作者やなせたかしさんの実家はパン屋さんである。,×,
19,関東,6,海水浴場などの混雑ぶりを「イモを洗うようだ」というが、お隣の中国では「ギョーザをゆでるようだ」という。,○,
19,関東,7,そのサイズ２．５４センチ。「１インチ」の幅の基準は親指である。,○,
19,関東,,なめらかに話すことを「立て板に水」というが、つっかえながら話すことを「横板に雨だれ」という。,○,
19,九州,1,人類が月に降りたって30年。スペースシャトルは引力の関係から、満月の日を避けて打ち上げられることになっている。,×,
19,九州,2,「まぐろ」と「さけ」。日本人1人あたりの消費量が多いのは、「さけ」のほうである。,×,
19,九州,3,郵便ポストに入れてしまった手紙は、郵便局に頼んでも取り戻すことはできない。,×,
19,九州,4,子どもが産まれたとき、出生届が遅れると、罰としてお金をとられることもある。,○,
19,九州,5,カンガルーは後ろ跳びもできる。,×,
19,九州,6,漢字の横にひらがなを書くことを「ふりがな」というが、ひらがなの横に漢字を書くことは「ふり漢字」という。,○,
19,九州,7,大ブームの携帯電話、一般電話の加入件数をついに上回った。,×,
19,九州,敗者復活,ダニも昆虫の仲間である。,×,
19,近畿,1,日本の世界遺産の半数が近畿ブロックにあるが、世界で最も世界遺産の多い国は、お隣・中国である。,×,
19,近畿,2,「ウフ」「エヘ」「オホ」。卵をフランス語で言うと「ウフ」である。,○,
19,近畿,3,Kinki kidsのポップス「フラワー」と、天童よしみの演歌「珍島物語」。カラオケで同じ人が同じ条件で歌った場合、消費カロリーは「珍島物語」のほうが多い。,×,
19,近畿,4,ミロのビーナスは、おへそも出している。,○,
19,近畿,5,今年初めて甲子園の優勝旗が沖縄に渡りましたが、第一回大会の優勝は春、夏ともに地元、近畿勢である。,×,
19,近畿,6,相撲の技。「張り手」も決まり手の１つである。,×,
19,近畿,7,「豹変する」という言葉どおり、ヒョウの体の模様も、ときにその形を変化させる。,×,
19,四国,1,瀬戸内海国立公園をまたぐ、三つのルートが完成。そこで問題。国立公園に架かる橋だけに、景観を最優先するためデザインを大きく変更した橋もある。,○,
19,四国,2,日本相撲協会に残る全記録によると、かつて大相撲の幕内力士に四国出身の「瀬戸内海」という力士がいた。,×,
19,四国,3,どんな魚にも脳みそがある。,○,
19,四国,4,『老人と海』の作者へミングウェイにちなんだ、「ヘミングウェイ杯」という釣りの大会がある。,○,
19,四国,5,ジャガイモとサツマイモ。イモになるのは、ともに根の部分である。,×,
19,四国,6,まともでない人のことを「ろくでなし」というが、それよりもダメな人は「ななでなし」という。,×,
19,四国,7,夜空に浮かぶ星座の中には、「ウサギ」座もあれば「カメ座」もある。,×,
19,中国,1,今年開通した、広島県と愛媛県を結ぶしまなみ海道。その県境は、海道上のちょうど中間地点にある。,×,
19,中国,2,お相撲さんがつくれば、カレーライスも「ちゃんこ」という。,○,
19,中国,3,人の血を吸う蚊にも、自分自身の血液がある。,○,
19,中国,4,未成年者は結婚するときも親の同意がいるように、離婚するときも必要である。,×,
19,中国,5,地球の極点、南極では地震を記録したことが一度もない。,×,
19,中国,6,日本銀行には、一般の銀行と同じように支店もあれば、支店長もいる。,○,
19,中国,7,便秘がすっきり治ることを、医学用語で「開通」という。,×,
19,中部,1,日本一の生産額を誇る愛知県「弥富の金魚」が、かつて向井千秋さんと共に宇宙へ行った時、なんと日本を意識した日の丸模様の金魚が特別に乗せられた,○,
19,中部,2,ノーベル賞の賞金。日本ではさすがに税金はかからない。,○,
19,中部,3,子どもに名前をつけるとき、使える漢字に制限はあるが、読み方に制限はない。,○,
19,中部,4,保存に使うタッパーは、タッパーさんが開発した。,○,
19,中部,5,日米のプロ野球界で永久欠番第一号は、共に背番号「３」である。,×,
19,中部,6,消しゴム付き鉛筆の特許をとったのは、日本の大学生である。,×,
19,中部,7,空を飛ぶ飛行機にも、制限速度はある。,○,
19,中部,,人気キャラクターの「ドラえもん」と「キティちゃん」。ひげの数は同じである。,○,
19,東北,1,宮沢賢治が学生のときに初めて東京に行ったのは、学校の先輩・石川啄木に会うためだった。,×,
19,東北,2,日本で初めて賞味期限が表示されたのは牛乳だった。,×,
19,東北,3,日本で初めてペットボトルで売り出された商品は醤油であった。,○,
19,東北,4,貧血とは、その名の通り血液の量が少なくなったときの状態をさす。,×,
19,東北,5,「カンペキ」とは、中国の万里の長城から生まれた言葉である。,×,
19,東北,6,日本の鉄道が始まったときから子ども料金は半額である。,○,
19,東北,7,夜空に見える星の中に、太陽よりも大きなものはない。,×,
19,北陸,1,トキのヒナ誕生の偉業を成しとげた”ヨウヨウ”と”ヤンヤン”が、中国から日本へと運ばれるときの飛行機は、ファーストクラスであった。,○,
19,北陸,2,おでこは、解剖学上、頭ではなく顔の一部に分類される。,×,
19,北陸,3,ワカサギが歳をとると、オイサギになる。,×,
19,北陸,4,指きりげんまんの「げんまん」とは、げんこつで1万回たたくぞという意味である。,○,
19,北陸,5,砂糖は絶対に腐らない。,×,
19,北陸,6,英語で春巻きはスプリングロールというが、巻き寿司はライスロールという。,×,
19,北陸,7,温度差が激しいときに見られる蜃気楼は、南極でも起きる。,○,
19,北陸,,日本産唯一のトキ「キン」。その名の由来は発見者・金太郎にちなむ。,○,
19,北海道,1,札幌のシンボルマークにもかたどられている雪の結晶は、すべて六角形である。,×,
19,北海道,2,横断歩道や駅のホームなどに敷かれている点字ブロック。発明したのは日本人である。,○,
19,北海道,3,未成年でも結婚すれば、選挙権はもらえる。,×,
19,北海道,4,マグネットを発見したのは、マグネットさんである。,×,
19,北海道,5,ギリシャ最大の島、「クレタ島」のとなりに、「モラッタ島」という小さな島がある。,×,
19,北海道,6,”ミッキーマウス”の名は、ウォルト・ディズニーの奥さんが、名づけ親である。,○,
19,北海道,7,ラジオ体操第一、第二。終わりの深呼吸は同じ動作である。,×,
19,北海道,,北海道が生んだロックバンド、GLAYのファンクラブ名は「BLACK&WHITE」である。,×,
20,中国,1,世界遺産の厳島神社。一度登録された世界遺産は、天災などで壊れても、登録を取り消されることはない,×,
20,中国,2,郵便切手と官製ハガキ、先に日本で発行されたのは切手である。,○,
20,中国,3,国土地理印の日本地図の海岸線は、潮が満ちているときのものである。,○,
20,中国,4,シャンプーの後に使うリンス。リンスとはすすぐという意味である。,○,
20,中国,5,果物のいちじくは、一本の木に成る実が一度に熟するのでこの名がついた。,×,
20,中国,6,鍋に使う「ポン酢」は「日本の酢」が略されたものである。,×,
20,中国,7,「ボルト」「アンペア」いずれも人名からつけられたものである。,○,
20,中国,8,真っ暗な深海に住むタコの中には、敵に襲われると身体を光らせるものもいる。,○,
20,中国,9,ヒットすれば続編が作られる映画界。これまでシリーズ物の映画が２年連続でアカデミー賞を受賞したことがある,×,
20,中部,1,岐阜県出身のアスリート・高橋尚子選手が自己最高記録で、44年前、同じくオーストラリアで開かれたオリンピック男子マラソンを走ると、金メダルが取れる,○,
20,中部,2,カラスの仲間にも、海を渡って旅するカラスがいる,○,
20,中部,3,東京ディズニーランドは、ミッキーマウスの誕生日にオープンした。,×,
20,中部,4,近代オリンピックが始まって104年。日本は、夏の大会で100個以上の金メダルをとっている。,×,
20,中部,5,片方だけ使った往復ハガキでも、手数料さえ払えばハガキと交換できる。,○,
20,中部,6,日本のプロ野球、全12球団から勝ち星を挙げたピッチャーもいる。,○,
20,中部,7,首相や大統領経験者で国際問題などを取り上げる、通称「ＯＢサミット」。創設者は、アメリカ大統領である。,×,
20,中部,8,鵜飼いの鵜は、ウ科に属する。,○,
20,中部,9,日本の法律には、「日本の首都は東京である」という文章はない。,○,
20,中部,10,「頭隠して尻隠さず」。この諺の元となった動物は、ウサギである。,×,
20,中部,11,たらい回しとは、銭湯でたらいを共同で使ったことに由来する。,×,
20,中部,12,カニが吹き出す泡は、唾液である。,×,
20,中部,13,15歳未満の日本の子供。男の子より女の子の方が多い。,×,
20,中部,14,グリム童話の白雪姫。初版本では、意地悪なお母さんは継母ではなく、本当のお母さんだった。,○,
20,東北,1,日本では「記念硬貨」と同じように「記念紙幣」も発行された。,×,
20,東北,2,仙台に残る重要文化財、坤輿（こんよ）万国全図は、室町時代より前に作られた。,×,
20,東北,3,牛乳の成分、五割以上は水分である。,○,
20,東北,4,アインシュタインは、ノーベル物理学賞の他にノーベル化学賞も取っている。,×,
20,東北,5,外国人でも日本の文化勲章は授章できる。,○,
20,北陸,1,日米海の大決戦！ポパイと海王丸　先に誕生したのはポパイである。,○,
20,北陸,2,ポパイの大好物、ほうれん草にも花は咲く。,○,
20,北陸,3,デンキクラゲ、デンキナマズ、デンキウナギ、いずれも電気を出す。,×,
20,北陸,4,たらちり、ふぐちりなどの「ちり鍋」は、魚の身がちりちりっと縮むのでこの名がついた。,○,
20,北陸,5,英語で男の子っぽい事を「ボーイッシュ」というが、女の子っぽいことは「ガーリッシュ」という。,○,
21,沖縄,1,こめかみ、キィ～ン！　アイスクリームは、賞味期限を表示しなければならない。,×,
21,沖縄,2,登録商標をしたものが製造中止になると、その時点で登録も解除される。,×,
21,沖縄,3,四人姉妹を主人公にした「若草物語」。著者のオルコット自身も四人姉妹である。,○,
21,沖縄,4,日本の通貨単位「円」は、明治元年から採用された。,×,
21,沖縄,5,チョウチンアンコウは、体つきがラグビーボールに似ている事から、英語で「フットボールフィッシュ」と言う。,○,
21,沖縄,6,「あゆ」と呼ばれる浜崎あゆみは、魚座生まれである。,×,
21,沖縄,7,芽キャベツは、キャベツの芽が出た頃に摘み取ったものである。,×,
21,関東,1,ニューヨーク・自由の女神も手に持つ「米国独立宣言書」には、21世紀の合い言葉“POWER”の文字が使われている。,○,
21,関東,2,ニューヨークの皆さん121人に聞きました。「日本を代表する人物は誰ですか？」　１位は大リーグのイチローより、日本の総理・小泉純一郎だった。,×,
21,関東,3,笑った時と泣いた時。目尻にできるシワは、同じ筋肉を使う。,○,
21,関東,4,一般的に使われるトイレットペーパーの紙の幅は、12cmのＣＤよりも大きい。,×,
21,関東,5,爪も日焼けする。,×,
21,関東,6,イモリは脱皮する。,○,
21,関東,7,新・旧500円硬貨。新しい方が重い。,×,
21,関東,8,日本と同じように、島国・イギリスにも火山はある。,×,
21,関東,9,師弟関係だった、夏目漱石と芥川龍之介。共に英語教師をしていた。,○,
21,関東,10,ポキポキ刃先を折りながら使う、カッターナイフを作るヒントになったのは、板チョコである。,○,
21,関東,11,お茶漬けパックに、あられを入れるきっかけとなったのは、湿気を吸収させるためである。,×,
21,関東,12,長ネギは、緑色から下の部分は全て茎である。,○,
21,関東,13,ヤギもヒツジも、ウシ科の動物である。,○,
21,九州,1,大リーガー・新庄の活躍など、世界の話題を掲載する英字新聞。日本で初めて発行されたのは、ペリーが来航した浦賀ではなく、出島のある長崎である。,○,
21,九州,2,九州が生んだメジャーリーガー・新庄。ニューヨーク・メッツの記念すべき初打席はシングルヒットでしたが、阪神時代のプロ初打席はホームランだった。,×,
21,九州,3,ナマケモノは子供を出産するときも、木にぶら下がったまま行う。,○,
21,九州,4,蚊取り線香の形は、商品化された時から渦を巻いていた。,×,
21,九州,5,日米アイディア合戦！　去年一年間で取得した特許の数は、アメリカより日本の方が多い。,×,
21,九州,6,ビーチバレーがオリンピックの正式種目になったのは、先のシドニーオリンピックからである。,×,
21,九州,7,「チクタク　チクタク」、「ジグザグ　ジグザグ」。共に英語である。,○,
21,九州,8,「日本国憲法」にも、著作権はある。,×,
21,九州,9,第一回直木賞の賞金は、直木三十五にちなんで、35円だった。,×,
21,近畿,1,日本に吹き荒れるPOWER！　小泉首相のキャラクターはシシローですが、日本の歴代総理56人の12星座も、獅子座が一番多い。,×,
21,近畿,2,日本の歴代総理56人の12星座で、最も多いのは、小泉純一郎の山羊座である。,○,
21,近畿,3,日本では、決闘を挑むと罪になると、法律に定められている。,○,
21,近畿,4,アラビア語の「アンタ」は、日本語で奥さんが旦那に言う「あなた」と、同じ意味である。,○,
21,近畿,5,山形県には、新庄市新庄町新庄村という住所がある。,×,
21,近畿,6,日本で初めて蛍光灯が照明として点灯されたのは、現存する日本最古の木造建築、法隆寺である。,○,
21,近畿,7,「清く、正しく、美しく」をモットーとする、宝塚音楽学校。校章のマークは「純血」と言う花言葉を持つ、桜である。,×,
21,近畿,8,春に獲れた真鯛をサクラダイと言いますが、秋に獲れたものはモミジダイと言う。,○,
21,近畿,9,「たらい回し」。英語では「バケツリレー」と言う。,×,
21,近畿,10,「立てば芍薬、座れば牡丹、歩く姿は百合の花」。出てきた花は、全て同じ科の植物である。,×,
21,四国,1,高校生クイズの宝、それはもちろん君たち高校生！　国の宝は国宝、そこで問題。外国にある日本の宝でも、国宝に指定できる。,×,
21,四国,2,四国名物・鳴門の渦潮は北半球にできるため、台風同様、すべて左巻きである。,×,
21,四国,3,海の上に停泊している船の出航時刻は、イカリが海底から離れたときである。,○,
21,四国,4,四国・岡山で最も高い城・今治城の天守閣は、東京ディズニーランドのシンボル・シンデレラ城より高い。,×,
21,四国,5,針葉樹林地帯・タイガに生息するトラもいる。,○,
21,四国,6,とくとご覧あれ！　この「とくと」とは、「特に」「特別に」という意味である。,×,
21,四国,7,愛媛出身、俳人・高浜虚子の本名は「キヨシ」である。,○,
21,四国,8,音楽の母・ヘンデルと、音楽の父・バッハ。共に同じ年に生まれましたが、長生きしたのは、やはり音楽の母である。,○,
21,四国,9,棒高跳びの棒。跳びやすければ、どんなに太くても、どんなに長くても構わない。,○,
21,四国,10,サツマイモと、サトイモ。100ｇの中でカロリーが高いのはサツマイモである。,○,
21,四国,11,マンホールのフタの形は、丸と決められている。,×,
21,四国,12,天気予報の降水確率は、君たち高校生が生まれる前から発表されていた。,○,
21,中国,1,広島の象徴でもある鯉は、あの「日本書紀」にも記されていますが、その鯉が登場するのは、なんとロマンスを描いた「恋」の場面である。,○,
21,中国,2,世界の都市の名前には、「マール」もあれば「バーツ」もある。,○,
21,中国,3,大理石の模様がさらに細かいものを、小理石と言う。,×,
21,中国,4,後ろを見よ！　かつて山陽鉄道は、車掌さんを「車長」と呼んでいましたが、「いよっ、社長！」の社長とまぎらわしい事から、車掌と呼ぶようになった。,○,
21,中国,5,世界の中で、穴の開いた硬貨があるのは日本だけである。,×,
21,中国,6,優れた車に贈られる「日本カー・オブ・ザ・イヤー」と同じように、船に贈られる「シップ・オブ・ザ・イヤー」もある。,○,
21,中国,7,ここ中国地方の名物、ふぐ、鯉、鯛、カニは、いずれも「日本書紀」に出てくる。,×,
21,中国,8,「ちゃんぽん」と「ビビンバ」。もともと「ごちゃ混ぜ」という、同じ意味の料理である。,×,
21,中国,9,シューベルト、ハイドン、モーツァルト。全員ウィーン少年合唱団出身である。,×,
21,中国,10,お腹の中の赤ちゃんにも、相続権はある。,○,
21,中国,11,蟻を食うアリクイはアリクイ科ですが、蟻を吸う鳥アリスイはキツツキ科である。,○,
21,中部,1,７年連続首位打者の日本記録をおみやげに、大リーグ入りしたイチロー選手ですが、大リーグ記録には、それを上回る選手はいない。,×,
21,中部,2,イチローと佐々木が在籍する、マリナーズの本拠地・シアトルは、神戸、横浜と姉妹都市を結んでいる。,×,
21,中部,3,マスクメロンの網目は、成長途中にヒビ割れた名残である。,○,
21,中部,4,山口から青森まで、本州にある全ての都府県で、古墳は見つかっている。,○,
21,中部,5,飛行機のタイヤ。雪が降ると、滑らないようにスタッドレスに履きかえる。,×,
21,中部,6,アリにも、胃はある。,○,
21,中部,7,名画「ヴィーナスの誕生」は、彫刻「ミロのビーナス」をヒントに描いたものである。,×,
21,中部,8,オリンピックの投擲（とうてき）種目、砲丸投げとハンマー投げ。投げる場所「サークル」の大きさは同じである。,○,
21,中部,9,富士山の山頂にある郵便局の名は、もちろん「日本一之山郵便局」である。,×,
21,中部,10,国会の速記者。芯が折れやすいシャープペンシルを、使ってはならない決まりになっている。,×,
21,中部,11,大麦からも、小麦粉は採れる。,×,
21,中部,12,猫舌を、英語では「キャットタン」と言う。,×,
21,中部,13,去年、外国人観光客が最も多かった国は、シドニーオリンピックが行われたオーストラリアである。,×,
21,中部,14,安藤広重の浮世絵「名所江戸百景」は、ピッタリ100ヶ所の風景が描かれている。,×,
21,中部,15,ＮＴＴの１１７の時報。３分以上聞き続けても、料金は変わらない。,×,
21,中部,16,ものを売る「店」。その由来は、商品を見せる「棚」が縮まったものである。,○,
21,中部,17,芥川龍之介は、辰年の辰の月、辰の日の辰の時刻に生まれたので、その名がついた。,○,
21,中部,18,アメリカ合衆国50州をアルファベット順に並べると、最後はワシントン州である。,×,
21,中部,19,郵便配達員の制服第一号は「はっぴ」でしたが、その背中には郵便マークの「テ」と書かれていた。,×,
21,東北,1,大リーグの祭典・オールスターの夢舞台に立った、東北が生んだ大魔神。背番号22・マリナーズの佐々木主浩投手の誕生日は２月22日であるが、生まれた時間も午後２時22分である。,○,
21,東北,2,国会の速記者。飛び交うヤジも記録している。,○,
21,東北,3,卓球は英語で「table tennis」と言うが、卓球台は「table tennis table」である。,○,
21,東北,4,現在発行されている日本のお札。再生されてトイレットペーパーになる事もある。,×,
21,東北,5,大相撲には、決まり手を判断する、その名も「決まり手係」がいる。,○,
21,東北,6,小説「坊っちゃん」の作者・夏目漱石に実の子供、つまり坊っちゃんはいなかった。,×,
21,東北,7,シラミも脱皮する。,○,
21,東北,8,一万円札の肖像・福沢諭吉のお父さんは、「ひゃくすけ」と言った。,○,
21,東北,9,トカゲの仲間「オンナダケヤモリ」に、オスはいない。,×,
21,北陸,1,北陸ブロック・各県名字ベスト100によると、最も多く人に使われている漢字は、さすが米所の象徴、田んぼの「田」である。,○,
21,北陸,2,北陸が生んだ平成の大打者・松井秀喜、昭和史にその名を残す大投手・江川卓。この二人の大型怪物、血液型ももちろんＯ型である。,○,
21,北陸,3,歯が折れる事を、医学的に「骨折」と言う。,×,
21,北陸,4,「蜃気楼」の季語は、夏である。,×,
21,北陸,5,１、２、３、ダー！！　そう、アントニオ猪木のライバル、ジャイアント馬場の誕生日は１月23日。,○,
21,北陸,6,日本の都道府県、全てに村はある。,×,
21,北陸,7,電子レンジと蒸し器で肉まんを温めた時、早く冷めるのは電子レンジの方である。,○,
21,北陸,8,春の七草と、秋の七草。いずれも花を咲かせる植物である。,○,
21,北陸,9,階段の踊り場。英語では「dance place」と言う。,×,
21,北陸,10,大相撲にはかつて、しこ名がひらがなだけの力士がいた。,○,
21,北海道,1,ここ北海道には、札幌交響楽団と言うオーケストラがありますが、オーケストラで出番の多いバイオリンと、少ないシンバルでは、基本的に給料が違う。,×,
21,北海道,2,日本初の女子留学生が行った先は、「少年よ、大志を抱け」と言ったクラーク博士の生まれた国、アメリカだった。,○,
21,北海道,3,コイやナマズと同じように、「オジサン」と言う魚にもヒゲがある。,○,
21,北海道,4,ピーターラビットの作者。実際に「ピーター」と言う名前のウサギを飼っていた。,○,
21,北海道,5,モグラは土の中を進みやすいように、頭からお尻に向かって毛が生えている。,×,
22,沖縄,1,ドキッとした時の冷や汗も、汗と同じようにしょっぱい。,○,
22,沖縄,2,現在発行されている日本の硬貨。50円玉二枚よりも、500円玉一枚の方が重い。,×,
22,沖縄,3,エスカレーターには、定員はない。,○,
22,沖縄,4,「まぶた」とは、ズバリ「目のフタ」という意味である。,○,
22,関東,1,真冬の夢大陸への第一歩！　日本人がオーストラリア大陸に初上陸した時の記録を辿ると、その第一歩は君たちのゴールと同じ、メルボルンであった。,○,
22,関東,2,日本に現存する最古の世界地図に、日本はあるが、オーストラリア大陸は描かれていない。,○,
22,関東,3,おなかが空いたとき“グゥ～”と鳴るのは、胃袋である。,×,
22,関東,4,“位置について用意！”　日本初の運動会では、“ヒィフゥミィ”と合図していた。,○,
22,関東,5,大実験クイズ！　アルミホイルで携帯電話をスッポリくるむと、繋がらない。,○,
22,関東,6,おいしいスイカの見分け方。叩いた音が高ければ高いほど、おいしい。,×,
22,関東,7,“わたし”は日本語ですが、“タワシ”はポルトガル語である。,×,
22,関東,8,鮭は白身の魚である。,○,
22,関東,9,漢字の“四”。生まれた当初は、漢字の“三”に横棒を一本つけた四本線だった。,○,
22,関東,10,世界初のジグソーパズル。その絵柄は、考案者の顔であった。,×,
22,関東,11,ギネスブックによる交通渋滞の世紀記録。長さ世界一は、日本で記録されている。,×,
22,関東,12,東京都に国宝の建造物はない。,×,
22,九州,1,サッカー・ワールドカップで、必勝を祈願するサポーターが巻いていた、ハチマキ。元々、争いに勝つために武士が装備する武器の一つで、「勝ち巻き」と言った。,×,
22,九州,2,父の日、母の日を誕生させたアメリカには、“祖父母の日”もある。,○,
22,九州,3,世界には、日本一高い富士山の高さより、深い湖がある。,×,
22,九州,4,「♪亜麻色の～　長い髪を～　風がや～さしくつつ～む～」。なんて言う、「亜麻色の髪の乙女」を歌っている歌手・島谷ひとみの星座は、乙女座である。,○,
22,九州,5,新聞は紙面の中身を、全て広告にして発行する事ができる。,○,
22,九州,6,75歳以上で初めて運転免許を取ると、もみじマークと、若葉マークの両方を付けなければならない。,×,
22,九州,7,人間の遺伝子を解読する計画、ヒトゲノム。この“ヒト”は日本語である。,○,
22,九州,8,アベコベガエルの“アベコベ”は、オスよりメスが大きいアベコベを意味する。,×,
22,九州,9,モーニング娘。13人のメンバーの中に、平成生まれは一人もいない。,○,
22,九州,10,東京・上野にある西郷隆盛の銅像は、故郷・鹿児島を向いている。,×,
22,四国,1,来年、ここ四国で「綱引き日本一決定戦」が行われますが、綱引きのかけ声「オー・エス！　オー・エス！」は、助けを呼ぶ「SOS」を縮めた言葉である。,×,
22,四国,2,「♪も～もた～ろさん　も～もた～ろさん」で始まる唱歌「桃太郎」。最後まで唄っても、おじいさんとおばあさんは出てこない。,○,
22,四国,3,理想の上司No.1に輝いた、岡山出身・阪神タイガースの星野監督は、寅年生まれである。,×,
22,四国,4,アワビなど、巻き貝からも真珠は作れる。,○,
22,四国,5,湿気に弱い線香花火。その線香花火には、消費期限がある。,×,
22,四国,6,日本国憲法に「前文」はあるが、「後文」もある。,×,
22,四国,7,「ゆきづまる」、「につまる」。どちらも「施す手がなくなる」という意味である。,×,
22,四国,8,タコにもイカにも、エラはある。,○,
22,四国,9,時計塔「ビッグ・ベン」で知られるロンドンには、「リトル・ベン」もある。,○,
22,四国,10,現在発行されている１円玉の直径は、ジャスト１cmである。,×,
22,中国,1,世界遺産の厳島神社。宮司も、その世界遺産に登録されている。,×,
22,中国,2,日韓共同開催の2002年サッカーワールドカップ。開幕戦を行ったソウル市と、決勝戦の地・横浜市は、姉妹都市を結んでいる。,×,
22,中国,3,日本の歴代総理大臣で最も若く就任したのは、山口県が生んだ、初代の伊藤博文である。,○,
22,中国,4,ん～っ、かゆい！　そう、これからの季節、多くなります。血を吸う蚊、吸い足りないと貧血になる。,×,
22,中国,5,ラッコが貝を割るときに使う自分専用の石は、一度持ったら同じ石を一生使い続ける。,×,
22,中国,6,小説のタイトルにも、著作権はある。,×,
22,中国,7,日本全国にある、ひらがなの名前の市・町・村。多い順に並べても「市町村」となる。,○,
22,中部,1,愛知万博まであと９６２日であるが、名古屋のシンボル『金の鯱』は万博出展のために海を渡ったことがある。,○,
22,中部,2,小麦粉の強力粉よりもさらに強い「超強力粉」もある。,○,
22,中部,3,静かな湖畔で鳴くカッコウも、鳴くまで待とうホトトギスとともに渡り鳥である。,○,
22,中部,4,すべての炎には、「炎心」、「内炎」、「外炎」がある。,×,
22,中部,5,最大瞬間の瞬間とは、1秒のことである。,×,
22,東北,1,同じ長さのロープで作った、正方形と円。その中に黄金を薄ーく延ばした金箔を敷き詰めると、その面積は同じである。,×,
22,東北,2,1000円札に描かれた二羽のツル。実は、同じツルを左右から撮影したものである。,×,
22,東北,3,ピアノ曲「乙女の祈り」を作曲したのは、女性である。,○,
22,東北,4,法律上、実の弟や妹も自分の養子にする事ができる。,○,
22,東北,5,レオナルド・ダ・ヴィンチの「最後の晩餐」。その絵には、ナイフもフォークも描かれていない。,×,
22,東北,6,コショウの原産国は、カレーの国・インドである。,○,
22,東北,7,女人禁制と言われた大相撲の世界に、“女”と言う字がつく力士は一人もいない。,×,
22,東北,8,コアラには指紋はない。,×,
22,東北,9,永世中立国・スイスは世界中のどの都市とも、姉妹都市を結んでいない。,×,
22,東北,10,“総スカンを喰う”の“スカン”とは、“好きじゃない”という意味である。,○,
22,北陸,1,北陸名物・ズワイガニの缶詰めと、新鮮な生卵。この二つを、ゆっくり海へ沈めていくと、先に潰れるのは生卵である。,×,
22,北陸,2,日本人の干支の中で一番少ないのは、今年の干支、午（うま）年である。,○,
22,北陸,3,モーツァルトより、ベートーベンの方が長生きした。,○,
22,北陸,4,“柿の種”は、明治生まれの新潟名物である。,×,
22,北陸,5,歴代総理大臣56人のフルネーム。最も多く使われている漢字は、小泉純一郎の“一”よりも、“郎”の方である。,×,
22,北陸,6,ネズミ嫌いのドラえもんは、皮肉にも子（ねずみ）年生まれである。,×,
22,北陸,7,「私は国家と結婚している」の名言で知られるエリザベス一世は、言葉通り、生涯独身だった。,○,
22,北陸,8,毒キノコと、食用のキノコ。同じ木に生える事はない。,×,
22,北陸,9,「♪は～るよこい」と「♪は～るがき～た～」。それぞれ「春よ来い」と「春が来た」、先にできたのは「春が来た」である。,○,
22,北陸,10,部首のない漢字はない。,○,
22,北陸,11,白雪姫、かぐや姫、親指姫。いずれも、物語の中で結婚している。,×,
22,北陸,12,「罪と罰」の作者、ドストエフスキー。彼自身も警察に捕まって、罪と罰を背負った。,○,
22,北陸,13,日本の記念硬貨。最高額は10万円ですが、最低額は10円である。,×,
22,北陸,14,“人は七十才にもなれば、何をやっても道理を外れる事はしない”と説いたのは、孔子。実はその孔子も、七十才になる前にこの世を去った。,×,
22,北海道,1,北海道の観光名所で最初にジグソーパズルの絵柄になったのは、札幌のシンボル、時計台である。,×,
22,北海道,2,新鮮な海の幸に恵まれた、お寿司王国・北海道。お寿司屋さんで、ワサビのことを“ナミダ”と言う。,○,
22,北海道,3,日本の最低気温が記録されたのは、ここ北海道ですが、世界の最低気温が記録されているのは、やはり南極である。,○,
22,北海道,4,信号機の色を示す漢字。“赤”、“青”、“黄”は、全て小学校一年生で習う。,×,
22,北海道,5,ニキビは、手のひらにもできる。,×,
22,北海道,6,夫婦そろってノーベル賞を受賞しているキュリー夫妻。その娘も、夫婦そろってノーベル賞を受賞している。,○,
22,北海道,7,自動車大国、日本とドイツ。面積が広いのは、日本である。,○,
23,札幌,1,かつてこの地は、オリンピックが開かれた夢舞台でした。さて、オリンピックの五輪マークは、一筆書きできる。,○,
23,札幌,2,トンビがタカを生むといいますが、トンビはタカ科の鳥である。,○,
23,札幌,3,マンガ「ちびまる子ちゃん」。一家の血液型は全員Ａ型である。,×,
23,札幌,4,鼻の穴と穴の間の仕切りを「障子（しょうじ）」という。,○,
23,札幌,5,日本初の鉄道の食堂車のメニューはおにぎりであった。,×,
23,札幌,6,北海道名物夕張メロンは、農林水産省によると、野菜である。,○,
23,札幌,7,イギリス生まれのじゃがいも、メイクイーン。この「クイーン」とは、エリザベス女王のことである。,×,
23,札幌,8,かみ付くと離さないと言われているすっぽんには、歯は無い。,○,
23,札幌,9,Ｂの鉛筆とＨの鉛筆。電気を良く通すのは、芯の柔らかいＢの鉛筆である。,○,
23,札幌,10,酸性雨があるように、雪にも酸性雪がある。,○,
23,札幌,11,スペースシャトルの中に、トイレはあるが、シャワー室は無い。,○,
23,札幌,12,イチ・ニ・サン・シ・ゴ・ロク・ナナ・ハチ・キュウ・ジュウ。今読んだ数字は、全て音読みである。,×,
23,札幌,13,クモもタコと同じ八本足である。,○,
23,札幌,14,親指にはめるリングを「パパ」リングという。,×,
23,札幌,15,漢字で書くと瓜という字が入る、キュウリ・カボチャ・スイカ。全てウリ科の植物である。,○,
23,札幌,16,一万円札の表面積は10000平方ミリメートル以上ある,○,
23,札幌,17,水泳の平泳ぎ。中国語では「蛙泳」と書く。,○,
23,札幌,18,メジャーリーグを大リーグと言うように、英語でビッグリーグとも言う。,○,
23,札幌,19,イギリスのロンドンを流れるテムズ川は有名ですが、カナダの都市ロンドンにもテムズ川が流れている。,○,
23,仙台,1,２４００km、１５０日あまりの旅。「奥の細道」に書かれている芭蕉の句は、ぴったり５０句である。,○,
23,仙台,2,たとえ、１０年前に建築された建物でも、人が住んだことがなければ新築である。,×,
23,仙台,3,図書券に、有効期限はない。,○,
23,仙台,4,日本の市・町・村には、それぞれ、ひらがなの名前が存在する。,○,
23,仙台,5,日本に消費税が導入されたのは、君たちが生まれる前のことである。,×,
23,仙台,6,桃もスモモも、生産量世界一の国は中国である。,○,
23,大阪,1,優勝へのカウントダウン。１８年ぶりに快進撃をなしとげた阪神タイガースのジンクス。過去７回優勝していますがトラ年に優勝したことは１度も無い。,×,
23,大阪,2,ペットも戸籍に登録することが出来る。,×,
23,大阪,3,韓国の風習では、子供が生まれると、子供用の甘いキムチを漬ける。,×,
23,大阪,4,カタカナのテ。元々、手のひらの「手」から生まれた文字である。,×,
23,大阪,5,世界５大陸の意味を持つ、オリンピックの五輪。色も大陸ごとに決まっている。,×,
23,大阪,6,身長174cm。女性の中では大型の和田アキ子。血液型もＯ型である。,○,
23,大阪,敗者復活,敗者復活、ネバーギブアップ。ネバネバと糸を引く納豆は、かつて「いと」と呼ばれていた。,○,
23,東京,1,大リーグでメジャー１号満塁ホームランを打った松井秀喜がダイヤモンド１周に要した歩数は偉大なるＮＹヤンキースの先輩、ベーブルースの持つ年間最多本塁打数を上回る。,○,
23,東京,2,爆笑問題がコンビを結成し、東京ドームが完成した1988年、ヤンキース松井はすでに「ゴジラ」という愛称で親しまれていた。,×,
23,東京,3,日本人の手の指５本の中で爪が１番早くのびるのは、よく使う人差し指である。,×,
23,東京,4,東京の羽田は、もともとは飛行場があったことにちなんで付けられた名前である。,×,
23,東京,5,一斉に横断できるスクランブル交差点。日本ではじめて導入されたのは東京である。,×,
23,東京,6,ＮＴＴのテレホンサービス「天気予報」と「時報」。サービス開始が早かったのは時報である。,×,
23,東京,7,東京タワーのてっぺんから落ちても、アリは転落死しない。,○,
23,東京,8,夢を見ているときは絶対にいびきはかかない。,×,
23,東京,9,星座を８８に分けるようになったのは昭和になってからである。,○,
23,東京,10,数字の１から１００までを英語で書いても１度も登場しないアルファベットがある。,○,
23,東京,11,オランウータンはオランウータン科ですが、ゴリラはゴリラ科の動物である。,×,
23,東京,12,日本初の国際電話。つながった先はハワイである。,×,
23,福岡,1,「大和魂」という言葉がはじめて使われたのは、宮本武蔵の「五輪の書」である。,×,
23,福岡,2,日本代表として活躍する中田選手がイタリア国籍を取得すると、イタリア代表としてワールドカップに出場できる。,×,
23,福岡,3,長寿大国日本。歴代総理大臣の中には、100歳以上長生きした人もいる。,○,
23,福岡,4,大蔵省から財務省に名前がかわっても、英語の名称は同じである。,○,
23,福岡,敗者復活,日本にはじめてめがねを持ち込んだのは、キリスト教を伝えたザビエルである。,○,
23,名古屋,1,君たちの後ろにある木は、ケヤキの木ですが、では、木の中にはどんなに乾かしても水に浮かない木もある。,○,
23,名古屋,2,日韓共催サッカーワールドカップのように、オリンピックも２つの国にまたがっておこなわれたことがある。,○,
23,名古屋,3,本に挟むしおりは、元々４つおりの紙を挟んでいたことからその名前が付いた。,×,
23,名古屋,4,青春真っ只中。恋の病と言えば、恋患い。さて、英語でも「ラブシックネス」という。,○,
24,札幌,1,ケガニより毛深いケブカガニがいる。,○,
24,札幌,2,芋づる式の芋とはジャガイモのことである。,,
24,札幌,3,日本生まれのゲートボール。元々は、子供のスポーツ競技だった。,○,
24,札幌,4,剣道で使う竹刀は、いくら短くてもかまわない。　,○,
24,仙台,1,東北が誇る果物、さくらんぼの一種には「種なしさくらんぼ」がある。,×,
24,仙台,2,暑さをしのぐ場所という意味で避暑地という言葉があるが、寒さをしのぐ場所という意味の「避寒地」という言葉もある。,○,
24,仙台,3,東の米、「ひとめぼれ」も「あきたこまち」もコシヒカリの遺伝子を持つ米である。,○,
24,仙台,4,君たちが目指す首都、東京。その東京に地方裁判所は無い。,×,
24,大阪,1,宝塚歌劇団出身の女優で知られる、黒木瞳や天海祐希はとても華やかな名前ですが、歴代タカラジェンヌの中には本名でステージに立った人がいる。,×,
24,大阪,2,卓球では対戦相手とユニフォームが同じだったときどちらかが着替えなければならない場合もある。,○,
24,東京,1,日本の首相官邸で働く職員は全て日本国籍の国家公務員ですが、アメリカの象徴ホワイトハウスは自由の国だけに日本人でも職員として働くことができる。,×,
24,東京,2,世界中でもっともハードな仕事！ 国の最高責任者であるアメリカの歴代大統領と日本の歴代総理大臣。共に兄弟の中でも責任感の強い長男が一番多い。,○,
24,東京,3,ビー玉で栓をするラムネ。その瓶を日本で初めて製造した人の名は玉吉さんである。,○,
24,東京,4,乾電池の単一、単二、単三。高さは全て同じである。,×,
24,東京,5,「生たまご」と「ゆでたまご」。同じ条件なら長持ちするのは「ゆでたまご」である。,×,
24,東京,6,橙色の花をつける「キンモクセイ」もあれば、白色の花をつける「ギンモクセイ」もある。,○,
24,福岡,1,東京オリンピックの年から作られた新幹線。４７都道府県の半数以上を通っている。,○,
24,福岡,2,陸上競技の棒高跳び。風が強いと記録は無効になる。,×,
24,福岡,3,現在発行されている日本の硬貨を１種類ずつ並べていくと、１万円札よりも長くなる。,×,
24,福岡,4,ノーベル賞は自分を推薦することができる。,×,
24,名古屋,1,小惑星の中には「東京ジャイアンツ」「阪神タイガース」があるように、「中日ドラゴンズ」もある。,×,
25,沖縄,1,全国の高校教師の中で、一番多い教科は数学教師である。,×,
25,沖縄,2,お天気雨は気象観測上、雨と観測される。,○,
25,沖縄,3,日本の最高気温は40.8度であるが、最低気温もマイナス40度を下回る。,○,
25,沖縄,4,日本で百歳を超える人は一万人以上いる。,○,
25,沖縄,5,広辞苑で最初に出てくる文学作品は「ああ無情」である。,×,
25,関東,1,世界と戦う松井秀喜、中村俊輔、北島康介、安藤美姫らはここ一番のとき深呼吸をします。そこで宮里藍にも聞きました。彼女の勝負前のリラックス方もやはり深呼吸であった。,○,
25,関東,2,風船を持って富士山に登ると、山頂に着くまでに気圧によって必ず割れる。,×,
25,関東,3,蚊は血を吸いすぎると、ちょっとだけお尻から血をだす。,○,
25,関東,4,馬の歩き方。右前脚が地面についたら、次に出すのは左後脚である。,○,
25,関東,5,アメリカへの留学生が１番多い国は日本である。,×,
25,関東,6,「朝っぱら」とは、「朝飯前は空きっ腹だ」という意味である。,○,
25,関東,7,マヨネーズとケチャップ。先に発売された国産の調味料は、マヨネーズである。,×,
25,関東,8,「プリンスメロン」はプリンスホテルで開かれた会合の名から名付けれた。,○,
25,関東,9,一般的な関東地方と首都圏。広いのは関東地方のほうである。,×,
25,関東,10,ジャイアントパンダは大きいパンダですが、レッサーパンダは小さいパンダという意味である。,○,
25,関東,11,日本では偽札を警察に持っていくと、同じ金額のお札と交換してくれる。,×,
25,関東,12,５０円玉が発行されて、今年でちょうど５０年である。,○,
25,近畿,1,大阪名物「桜の通り抜け」。日本の象徴「桜」は南極を除く五大陸すべての場所で咲く。,○,
25,近畿,2,現在国会議員に小泉さんはいるが、大泉さんもいる。,×,
25,近畿,3,ナニワの誇り阪神タイガースをはじめとしたプロ野球１２球団、全選手８１７人の出身地の中で最も多いのはここ大阪府である。,○,
25,近畿,4,３５年前この場所、大阪万博に参加した国はすべて愛知万博にも参加している。,×,
25,近畿,5,日本海最大の島、佐渡島の面積は日本一大きい湖、琵琶湖より大きい。,○,
25,近畿,6,イチョウの木はイチョウ科の植物である。,○,
25,近畿,7,長ネギのビタミンＣ。白い部分よりも緑色の部分に多く含まれている。,○,
25,近畿,8,国立公園のない都道府県はない。,×,
25,近畿,9,第１回近代オリンピックのとき、すでに短距離走のクラウチングスタートはあった。,○,
25,近畿,10,愛知万博では多くのロボットがありますが、３５年前の大阪万博には１台もなかった。,×,
25,近畿,11,負けられない伝統の巨人-阪神戦。かつて巨人と阪神両方の監督になった人がいる。,○,
25,近畿,12,一般的な「ハエ」と「カ」。羽ばたきの回数が多いのは体重の重いハエである。,×,
25,近畿,13,生のサンマを焼き魚にするとカロリーは低くなる。,○,
25,近畿,14,文部科学省の調べによると、日本一博物館の多い都道府県は東京ですが、２位は京都である。,×,
25,近畿,15,カメガエルはいるが、カエルガメはいない。,×,
25,近畿,16,日本初の電話帳に掲載されていた電話番号。１番は警視庁である。,×,
25,近畿,17,夏の風物詩、スイカはへたの方よりも中央の方が甘い。,○,
25,九州,1,田村で金、谷でも金。ママになっても金メダル！子供の将来という夢ができた谷亮子に聞きました。たくさんのスポーツがありますが、子供にはやはり柔道選手になってほしいと思っている。,×,
25,九州,2,宇宙空間にあるスペースシャトルの中で、ヨーヨーはできる。,○,
25,九州,3,大相撲の力士のシンボル「まげ」には、取組中に土俵から転落したとき、頭を保護するという役割もある。,○,
25,九州,4,蚊もハエも昆虫である。,○,
25,九州,5,世界には、東京ディズニーランドより面積の小さい国がある。,○,
25,九州,6,日本プロ野球でここ１０年間１番多く日本一に輝いた球団は、ダイエーホークスである。,×,
25,九州,7,「大型で猛烈な台風」よりも「超大型で強い台風」のほうが中心付近の最大風速は強い。,×,
25,九州,8,ミミズも鳴く。,×,
25,九州,9,小倉百人一首。百首目の歌には、漢字の「百」という字が使われている。,○,
25,九州,10,カツオとタラは同じ科の魚である。,×,
25,九州,11,日本最初の内閣と現在の内閣を比較すると、同じ名前の省庁は１つもない,×,
25,九州,12,唱歌「お正月」。歌の中で最後にはお年玉をもらっている。,×,
25,九州,13,別名「秋桜」と書くコスモスは、桜と同じバラ科の植物である。,×,
25,九州,14,１試合に同じ人が３点入れるのは「ハットトリック」。日本で一番最初に達成したのは、現在のサッカー日本代表監督。ジーコである。,○,
25,九州,15,地震によって起こる波は、１ｃｍでも津波である。,○,
25,四国,1,日本最初の冷凍食品はみかんである。,×,
25,四国,2,「すもも」も「もも」も、収穫量日本一は同じ県である。,○,
25,四国,3,「初がつお」と「戻りがつお」。カロリーが高いのは「初がつお」のほうである。,×,
25,四国,4,岡山県のヒーローといえば「桃太郎」ですが、かつて大相撲にも「桃太郎」という力士がいた。,○,
25,四国,5,正方形の折り紙。何も使わず、折るだけで正三角形はできる。,○,
25,四国,6,南極の昭和基地に冷蔵庫はない。,×,
25,四国,7,1000円札の肖像でもある野口英世の母の名前は「シカ」、姉の名前は「イヌ」ですが、なんと弟の嫁の名前は「サイ」である。,○,
25,四国,8,映画「スターウォーズ」６作品全てに出演している俳優がいる。,○,
25,四国,9,車の「トラック」と陸上競技の「トラック」。英語のアクセントは同じだが、つづりは違う。,○,
25,中国,1,大空にぽっかりと浮かぶあのうちの１文字は、広島市民球場にすっぽりおさまる。　　　（注：大空にPOCARI SWEATの文字を飛行機雲で書く）,×,
25,中国,2,塩そのものにカロリーはない。,○,
25,中国,3,電話による天気予報サービス「１１７」は「いい天気になれなれ」という語呂あわせから生まれた。,○,
25,中国,4,「子犬のワルツ」で知られるショパンは、「猫のワルツ」も作曲している。,○,
25,中国,5,海のない県に漁業共同組合はない。,×,
25,中国,6,１０問ある○×問題をでたらめに正解しても、５問以上正解する確率は５０％を超える。,○,
25,中国,7,「うぐいす」は１年中「ホーホケキョ」と鳴く。,×,
25,中国,8,現在発行されている日本の紙幣と硬貨に同じ植物は描かれていない。,×,
25,中国,9,四十七士の討ち入りでおなじみの奏本「忠臣蔵」がはじめて上映されたのは、松の廊下事件からちょうど４７年後のことだった。,○,
25,中国,10,論語の孔子、十七条の憲法の聖徳太子、エジプト最古の女王クレオパトラ。このうち最も古い人は、論語の孔子である。,○,
25,中部,1,数多くのオリンピック選手を輩出しているここ中部地方。スポーツのときに上げる雄叫びで、最も力が出るのは「う」段である。,○,
25,中部,2,５０円玉と１００円玉、ふちのギザギザが多いのは５０円玉である。,×,
25,中部,3,名古屋といえばエビフライ。冷凍食品で最も売れているのは、エビフライである。,×,
25,中部,4,三重県名物イセエビ。イセエビの漁獲量が最も多いのは三重県である。,×,
25,中部,5,不快さを表す不快指数は、梅雨のある日本で生まれたものである。,×,
25,中部,6,しゃちほこは火よけのお守りである。,○,
25,中部,7,ブロッコリーとカリフラワーは同じアブラナ科である。,○,
25,中部,8,フランクフルトより太いソーセージは無い。,×,
25,中部,9,中部国際空港、最初に到着したのはサイパンからだが、最初に出発したのもサイパン行きである。,×,
25,中部,10,鳥の大きさを表す全長に尾っぽは入らない。,×,
25,東北,1,卓球でみちのくの大地から世界を目指す現役高校生、福原愛。彼女が生まれた年である１７年前、卓球は初めてオリンピックの正式競技になった。,○,
25,東北,2,「人一倍働く」とは「人の二倍働く」と言う意味である。,○,
25,東北,3,ソフトボールの発祥国はアメリカですが、軟式野球は日本である。,○,
25,東北,4,小学校と中学校には必ずＰＴＡを置かなければならないという法律がある。,×,
25,東北,5,卓球界のプリンセス、福原愛は、君たちと同じ高校生ですが、日本に初めて卓球を持ち込んだ人物は、学校の先生だった。,○,
25,東北,6,徳川十五代将軍のうち、最もご長寿だったのは初代家康である。,×,
25,東北,7,「テッポウユリ」より大型の、「タイホウユリ」という品種がある。,×,
25,東北,8,お札の肖像、野口英世、樋口一葉、福沢諭吉。この三人は全て切手にも描かれている。,○,
25,東北,9,半月の明るさは満月のちょうど半分である。,×,
25,東北,10,稲妻は夏の季語である。,×,
25,東北,11,東西南北。英語でもEast West South Northの順で表現する。,×,
25,東北,12,球根栽培で育てたチューリップに種は出来ない。,×,
25,東北,13,唱歌「春が来た」と「夏は来ぬ」。作詞者は同じである。,×,
25,東北,14,円盤投げとハンマー投げの世界記録、距離が長いのは男女共にハンマー投げである。　,×,
25,東北,15,インスタントラーメンとインスタントコーヒー。先に生まれたのはインスタントラーメンである。,×,
25,東北,16,どんな緊急時であっても、救急車にも消防車にも制限速度はある。,○,
25,東北,17,野茂英雄がメジャーリーグで達成した、日本人初のホームランとノーヒットノーラン。先に達成したのはホームランである。,○,
25,東北,18,電話は電球より先に発明されていますが、それを発明したベルとエジソンは同じ年に生まれている。,○,
25,東北,敗者復活,悪者のはずがウソのような大人気。東北楽天ゴールデンイーグルスの悪役キャラクター、Mr.カラスコ。デビューは４月１日。つまりエイプリルフールだった。,○,
25,東北,無効,宝くじを買うのに法律上年齢制限は無い。　　　　　　　（注：ボツ問題）,○,
25,北海道,1,冬季オリンピックのスケート競技は、実力があれば小学生でも日本代表になれる。,×,
25,北海道,2,蚊は血だけを吸って生きている。,×,
25,北海道,3,1972年の札幌大会から2002年のソルトレークシティー大会までの冬季オリンピックで、日本は全ての大会においてメダルを獲得している。,×,
25,北陸,1,石川県出身の野球選手、松井秀喜の頭の大きさは、近年成長してきている女子高生の、ウエストの平均値より大きい。,×,
25,北陸,2,脂肪がたまると肥満になるように、脂肪がたまると舌（ベロ）も肥える。,○,
25,北陸,3,まっぷたつに破れた切手は、全部揃っていれば新しい切手に交換してもらえる,×,
25,北陸,4,空腹でも出来る仕事を「朝飯前」というが、難しい場合を「朝飯後」という。,×,
25,北陸,5,漫画、ドラえもんに出てくるのび太は、テストで一度も百点を取ったことがない。,×,
25,北陸,6,イエスキリスト　の本名は、イエスである。,○,
25,北陸,7,近年、少子化対策が議題にのぼる国会議事堂に、保育室はある。,×,
25,北陸,8,北半球と南半球では、カタツムリの渦の巻き方がちがう。,×,
25,北陸,9,サメの中には、ネコザメがいるが、ネズミザメもいる。,○,
25,北陸,10,キティちゃんは、猫のくせに、猫のペットを飼っている。,○,
26,関東,1,ワールドカップの優勝トロフィー。それに含まれている金を伸ばせば、神宮球場のダイヤモンドにすっぽり収まる。 （金の含有量は6割、金は0.1ミクロンの厚さで伸ばすとする。） ,○,
26,関東,2,白黒のパンダ、しっぽの色は白である。,○,
26,関東,3,世界には高さ100mを越える木はない。,×,
26,関東,4,表彰状には絶対に句読点はない。,○,
26,関東,5,ドイツには「コイツ」という都市がある。,×,
26,関東,6,新聞紙のリサイクルで1番多いのはトイレットペーパーである。,×,
26,関東,7,乗り物の「バス」は「オムニバス」の略である。,○,
26,関東,8,イタリアのピサの斜塔、設計したのはピサーノさんである。,○,
26,関東,9,高校生の部活動、運動部で一番人数が多いのはサッカー部である。,×,
26,関東,10,縄跳びで六重飛びは理論上不可能である。,×,
26,関東,11,バナナは草である。,○,
26,関東,12,東京都の銭湯で混浴できるのは12歳までである。,×,
26,関東,13,1万円札を1兆円分積み上げると、エベレストより高くなる。,○,
26,関東,14,高さ333ｍの東京タワーの制作費は約33億。 ,○,
26,関東,15,江戸時代にあった、長崎の出島は神宮球場のグラウンドより小さい。,×,
26,関東,16,カバが水面から目と耳を出せば、鼻もでる。,○,
27,北陸,1,情熱の画家、ゴッホが描いた名画に「ひまわり」がありますが、ひまわりの花には、その名も「ゴッホのひまわり」という品種がある。,○,
27,北陸,2,テーブルテニス、あるいは卓球を「ピンポン」と名づけたのは日本人である。,×,
27,北陸,3,47都道府県のすべてに、国立公園はある。,×,
27,北陸,4,クローバーは、マメ科の植物である。,○,
27,北陸,5,夜空に輝く星座に、「ぼうえんきょう座」はあるが、「そうがんきょう座」もある。,×,
27,北陸,6,相撲の決まり手と柔道の技。数が多いのは、相撲の決まり手である。,×,
27,北陸,7,おたまじゃくしは春の季語ですが、カエルになると夏の季語になる。,×,
27,北陸,8,海がきれいで透きとおっていれば、そこに棲む魚は、脂がのっておいしい。,×,
27,北陸,9,徳川十五代将軍のうち、在任期間がもっとも短かったのは、大政奉還をおこなった慶喜である。,○,
27,北陸,10,世界遺産に登録されている日本の自然遺産は、もちろん国立公園にも指定されている。,×,
27,北陸,11,シーザーサラダは、シーザーさんが作ったサラダである。,○,
27,北陸,12,プロ野球の試合開始で、球審が告げる正しいコールは、「プレイボール」である。,×,
27,北陸,13,爪は、血のめぐりがよいと、伸びるのも早くなる。,○,
27,四国岡山,1,ここぞというときに集中力アップ！みんなもよく飲むミネラルウォーター、緑茶、ミカンジュース、コーヒーのうち、最も集中力が高まる飲み物は緑茶である。,○,
27,四国岡山,2,汗と涙。しょっぱいのは汗である。,○,
27,四国岡山,3,池に浮かぶアメンボの「アメ」は、動き回ると雨のような波紋ができることからその名がつけられた。,×,
27,四国岡山,4,ゆずも、きんかんも、すだちも、かぼすも、全てミカン科の植物である。,○,
27,四国岡山,5,レタス、キャベツ、白菜。日本にもっとも早く伝わった野菜は、レタスである。,○,
27,四国岡山,6,病気にかかりにくくなるビタミンCは、甘柿よりもみかんのほうが多い。,×,
27,四国岡山,7,1889年、日本ではじめて出された学校給食の献立は、そのはじまりを祝って赤飯だった。,×,
27,四国岡山,8,魚のおなかが白いのは、下からの外敵に対し、太陽の光で姿を見えづらくするためである。,○,
27,四国岡山,9,人工衛星がはじめて宇宙に打ち上げられて今年でちょうど50年です。最初に打ち上げた国は、アメリカである。,×,
27,四国岡山,10,室町幕府歴代の足利15代将軍と、江戸幕府の徳川15代将軍。両方の名前に共通して使われている漢字は、1文字もない。,○,
27,四国岡山,11,大相撲の歴代横綱に白星の「白」をという漢字を使っているのは新横綱の白鵬ただ1人ですが、黒星の「黒」を使っている横綱はいない。,×,
27,四国岡山,12,世界で最も多くの外国人観光客が訪れるのは、最も世界遺産の多いイタリアである。,×,
27,四国岡山,13,人間味のある人は「ヒューマニスト」といいますが、ユーモアのある人は「ユーモリスト」という。,○,
27,富士山,1,静岡と山梨には１９４の高校がありますが、すべての高校の校歌をみてみると、「富士」や「富士の山」を使った高校はあるが、「富士山」という言葉そのものを使っている学校は１つもない。,○,
27,富士山,2,天気の観測。どんなに風が弱くても、風向きは記録される。,×,
27,富士山,3,ホタルイカは、卵のときから光っている。,×,
27,富士山,4,富士山に隣接するすべての市町村には、「富士山課」がある。,×,
27,富士山,5,江戸時代の地理学者、伊能忠敬が測量した富士山の高さは、３７７６ｍより低かった。,×,
27,富士山,6,富士の山は日本一ですが、りんご「ふじ」は世界で１番生産量の多い品種である。,○,
27,富士山,7,休憩タイムの「コーヒーブレイク」、失恋の「ハートブレイク」。英語で書くと、ブレイクのつづりは同じである。,○,
27,富士山,8,日本に四年制の大学は１０００校以上ある。,×,
27,富士山,9,人気モデルエビちゃんこと、蝦原友里の星座はかに座である。,×,
27,富士山,10,春の七草と秋の七草に共通する植物は１つもない。,○,
27,富士山,11,きゅうりに似たズッキーニはウリ科の野菜である。,○,
27,富士山,12,江戸時代、寺子屋で教える場合も教員免許は必要だった。,×,
27,富士山,13,江戸時代に作られた現存する日本最古の地球儀に、南極大陸は描かれていない。,○,
27,関東,1,Dreams Come True!夢を叶えた名前「松」「坂」「大」「輔」。この漢字４文字を 今回、高校生クイズ関東大会に参加した氏名の中から拾い集め、 多い順に並び替えると「大」「松」「坂」「輔」である。  ,○,
27,関東,2,指紋も歳をとるとシワが出来る。  ,×,
27,関東,3,一般的に赤道上で体重を量ると遠心力の影響で北極や南極よりも軽くなる,○,
27,関東,4,どんぶり勘定とは食べ終わったどんぶりにお金を入れて大雑把に支払った事からその名がついた。 ,×,
27,関東,5,ニワトリの卵はカラが最後に出来る。,○,
27,関東,6,青になるとメロディが流れる歩行者用信号機。 地域によってどんなメロディを使ってもかまわない。 ,×,
27,関東,7,「しま模様」とは布が南の島から流れてきたため「しま模様」と呼ばれるようになった。 ,○,
27,関東,8,ぞうきんをしぼる時、横絞りよりも縦絞りの方が絞った時の水の量は多い。,○,
27,関東,9,ハエが前脚をこするのは前脚の汚れを掃除するためである。,○,
27,関東,10,人口の増えてる都道府県は無い。,×,
27,関東,11,海に棲む魚の身、生で食べるとしょっぱい。,×,
27,関東,12,光と電波。同じ条件なら電波も光と同じように、１秒間で地球を７回り半する。,○,
27,関東,13,味を感じる器官は舌だけである。,×,
27,関東,14,スイカは常温よりも冷やした方が甘味は増す。,○,
27,関東,15,人口一人あたりのゴミの排出量が最も多い都道府県は東京都である。,×,
27,関東,16,あまりにも座高の高い人は車のシートベルトを着用しなくてもいいことになっている。,○,
27,南九州,1,４００年前完成したこの熊本城。城主、加藤清正も仕えた徳川幕府には、将軍に次ぐ役職として「副将軍」もあった。,×,
27,南九州,2,「鼻息があらい」などといわれる馬は、口で呼吸することができない。,○,
27,南九州,3,「かあさんのおはなも長いのよ」と歌う童謡「ぞうさん」。最後まで歌うとお父さんもでてくる。,×,
27,南九州,4,コピー機で鏡をコピーすると、鏡の部分は白くうつる。,×,
27,南九州,5,小学校１年生で習う漢字８０字で、「学校」という文字が作れる。,○,
27,南九州,6,現存する日本最古の写真は、咸臨丸でアメリカに渡った勝海舟一行のものである。,×,
27,南九州,7,クレープは「三角の生地」という意味である。,×,
27,南九州,8,カタツムリは、卵のからを割って出てきたときから、からを背負っている。,○,
27,南九州,9,英語で「月食」は「ルナイート」という。,×,
27,南九州,10,月にアルミニウムはない。,×,
27,南九州,11,法律によると、日本では具の入っていない即席カップめんを売ることはできない。,○,
27,近畿,1,パンとごはんを同じ分量だけ食べた場合、消化が早いのはパンである。,×,
27,近畿,2,日本国内で１番多く出回っている硬貨は、自動販売機で使う１００円玉である。,×,
27,近畿,3,人類初の有人宇宙船が地球１周にかかった時間は、新幹線のぞみが東京新大阪間でかかる時間よりもはやい。,○,
27,近畿,4,日本のプロ野球。２０００本安打した選手は多数いますが、２０００回以上三振した選手はいない。,○,
27,近畿,5,イカスミは食べられるが、タコスミは食べられない。,×,
27,近畿,6,大阪府出身おとめ座の大塚愛。血液型もＯ型である。,○,
27,近畿,7,日本最初のドーム球場は東京ドームですが、２番目は大阪ドームである。,×,
27,中部,1,浅田真央が昨年の全日本選手権で飛んだトリプルアクセルの滞空時間は、１秒より短い。,○,
27,中部,2,ゾウは、相手を威嚇するとき、ドスンドスンと地響きを立てる。,×,
27,中部,3,便器には、お相撲さん専用の「力士用便器」がある。,○,
27,中部,4,ロダンの彫刻「考える人」は、足を組んでいる。,×,
27,中部,5,ドイツ音楽の三大Bといわれるバッハ、ブラームス、ベートーベン。この３人は、１度も会ったことがない。,○,
27,中部,6,日本ではじめてパートタイマーを採用したのは、ファミリーレストランだった。,×,
27,中部,7,シンガーソングライターが受け取る著作権使用料、印税。曲の長さがより長いほど、もらえる印税の割合も多くなる。,○,
27,中部,8,現在発売されている普通切手には、動物や植物が必ず描かれている。,×,
27,中部,9,日本初のエスカレーターの呼び名は、電動昇降機であった。,×,
27,中部,10,大事なものを傷つけずに運ぶ、つぶつぶ上の梱包シート「プチプチ」は、商標登録である。,○,
27,中部,11,夏の甲子園。開会式の入場行進でプラカードを持つ女子生徒は、オーディションで決められる。,○,
27,中部,12,ニホンザルのお尻が赤いのも、ニワトリのとさかが赤いのも、血管が透けて見えるからである。,○,
27,中部,13,医師免許にも、免許更新の制度がある。,×,
27,中国,1,ここ、広島を象徴するローマ字。カープのC。このローマ字が日本に伝わったのは、室町時代のことである。,○,
27,中国,2,広島の象徴、コイに胃はない。,○,
27,中国,3,世界最大の花火は、直径１ｋｍをこえる。,×,
27,中国,4,現在日本で発行されている４種類のお札。そのサイズは、金額の順に大きい。,○,
27,中国,5,目がばっちり大きいことから名づけられた「メバチマグロ」。英語でも「ビッグアイツナ」という。,○,
27,中国,6,日本の人口は１億２７７７万人ですが、このうち平成生まれは、端数の２７７７万人以上いる。,×,
27,中国,7,コミック「ピーナッツ」のキャラクター。あのスヌーピーには、女兄弟もいる。,○,
27,中国,8,ロックンローラー、永ちゃんこと矢沢永吉の血液型はA型である。,×,
27,中国,9,チューインガムには、賞味期限を書かなくてもよい。,○,
27,中国,10,日本で最初に国立公園に指定されたのは、富士山である。,×,
27,中国,11,日本で作られているマッチ。やすりですっても火はつく。,×,
27,南東北,1,将棋の名人戦などに使われる将棋盤には、パチンといい音が鳴るように、細工がしてある。,○,
27,南東北,2,ワンワン吠える犬に、のどちんこはない。,○,
27,南東北,3,富士山をひっくりかえしてさかずきに見立て、地球に埋まっている石油の埋蔵量をそのさかずきに入れると、こぼれてしまう。,×,
27,南東北,4,唐辛子の仲間には、鷹（たか）の爪よりもっと辛い鷲（わし）の爪がある。,×,
27,南東北,5,日本のプロスポーツで最も選手の人数が多いのは、サッカーである。,×,
27,北海道,1,選挙に立候補した人の選挙用ポスターの形は、○でも×でもかまわない。,○,
27,北海道,2,こんぶの年間生産量日本一の北海道は、養殖量も日本一である。,○,
27,北海道,3,日本の面積の広い湖ベスト１０のうち、半分以上はここ北海道にある。,×,
27,北海道,4,球体の氷、立方体の氷。体積が同じなら、球体の氷のほうが溶けやすい。,○,
27,北海道,5,日本の総人口数には、外国人も含まれている。,○,
27,北海道,6,マンゴーはパパイヤ科の果物である。,×,
27,北海道,7,うなぎにうろこはあるが、アナゴにはない。,○,
27,北九州,1,日本で初めて米作りが行われたのはここ九州。１人当たりの１日の米の消費量を見てみると、世界一お米を食べているのは日本人である。,×,
27,北九州,2,新聞、半分に折っていって１０回以上おることができる。,×,
27,北九州,3,太宰府天満宮の宮司は代々菅原道真の家の子孫が務めている。,○,
27,北九州,4,寄生虫に付く寄生虫もいる。,○,
27,北九州,5,国際宇宙ステーションで過ごす宇宙飛行士は、宇宙食を電子レンジでチンして食べる。,×,
27,北九州,6,オリラジあっちゃんが海岸に立って、水平線を見たとき、水平線までの距離は、富士山の高さより遠い。,○,
27,北九州,7,高校生の携帯電話所持率は、さすがに９０%は超えていない。,×,
27,北九州,8,風力発電量世界一は、温暖化対策にむけてサミットを今年開いたドイツである。,○,
27,北九州,9,７日間しかなかった昭和６４年の硬貨も全種類発行されている。,×,
27,北九州,10,アメリカで最初にできた州はワシントン州である。,×,
27,北九州,11,水差しのピッチャー、野球のピッチャー、英語にしたときのスペルは同じである。,○,
27,北九州,12,調味料のポン酢は、元々オランダ語のポンスから来た言葉である。 ,○,
27,北東北,1,宮沢賢治の「雨ニモマケズ」。そのメモが書かれた昭和６年11月３日、ここ花巻の天気は雨だった。,×,
27,北東北,2,前に歩くカニもいる。,○,
27,北東北,3,都道府県知事の平均年齢は60歳を超える。,×,
27,北東北,4,日本では、医師免許があれば、内科の先生が外科を名乗ることが出来る。,○,
27,北東北,5,アメリカ50州の名前を英語で書くと、使われていないアルファベットはない。,×,
27,北東北,6,人は眠りにつく時、手足の皮膚の温度は下がる。,×,
27,北東北,7,サッカーのレッドカードとイエローカードは、信号機をヒントに考案されたものである。,○,
27,北東北,8,夏目漱石の小説「吾輩は猫である」の猫に「名前はまだない」とあるが、「坊っちゃん」の主人公の名前も最後まで出てこない。,○,
27,北東北,9,家畜の伝染病予防法によると、ミツバチも家畜である。,○,
27,北東北,10,日本のお金には、紙幣・硬貨問わず、年号が明記されている。,×,
27,北東北,11,森のバターと呼ばれるアボカドは、パンノキと同じクワ科の植物である。,×,
27,北東北,12,サミットに集まる八カ国の首脳。大統領よりも首相のほうが多い。,○,
27,北東北,13,お菓子の「サブレ」の語源は、鳩である。,×,
27,北東北,14,道路を自転車で競走すると、法律上罰せられてしまう。,○,
27,北東北,15,台風の発生から熱帯低気圧に変わるまでの最長記録は一ヶ月以上である。,×,
27,北東北,16,燃えて灰になってしまった日本のお札。お金であることが半分しか確認されなければ、取り替えてもらえる金額も半分となる。,○,
27,沖縄,1,おめでたいときに食べる真っ赤な鯛。実はその鯛、エビやカニを食べれば食べるほど、その体は赤くなる。,○,
27,沖縄,2,南から北に流れる黒潮よりも、北から南に流れる親潮のほうが流れは速い。,×,
27,沖縄,3,シーサーと狛犬は、ともにライオンがもとになっている。,○,
27,沖縄,4,日本で最初に作られたジャムはイチゴジャムである。,○,
27,沖縄,5,広辞苑に「○×」という言葉はあるが、「早押し」もある。,×,
28,沖縄,1（公募）,夏のオリンピック冬のオリンピック両大会で「金メダル」を獲得した人がいる。,○,
28,沖縄,2,日本の最南端・沖ノ鳥島はハワイのホノルルよりも南にある。,○,
28,沖縄,3,携帯電話には金・銀・銅全ての金属が使われている。,○,
28,沖縄,4,一家を支える「主」という漢字の部首は「王」である。,×,
28,沖縄,5,クラシックの三大B、バッハ・ベートーベン・ブラームスの中で最も若くしてこの世を去ったのは「運命」を作曲したベートーベンである。,○,
28,沖縄,6,バレーボールとビーチバレー。どちらも同じ国で生まれたスポーツである。,○,
28,沖縄,7,日本人宇宙飛行士。8人全員の名は夜空に輝く星の名前になっている。,○,
28,北陸,1（公募）,カーリングがオリンピックの正式種目になったのは、１９９８年の長野オリンピックからである。,○,
28,北陸,2,くじらが潮を噴き上げる穴は、お鼻である。,○,
28,北陸,3,人類初の動力飛行を成功させたライト兄弟は、２人兄弟である。,×,7人兄弟
28,北陸,4,テレホンサービス１１７の時報。かけっぱなしなら、２４時間連続で聞くことができる。,×,６～１２分
28,北陸,5,解毒作用のあるパセリは、食事をする前に食べるのがより効果的である。,×,
28,北陸,6,日本の歴代内閣総理大臣の中で、最も若く就任したのは初代伊藤博文である。,○,
28,北陸,7,ジェットコースターを管轄するのは、モノレールと同じ国土交通省である。,○,
28,南東北,1（公募）,星座の中には作図に必要なコンパス座があり、そのすぐそばにはじょうぎ座もある。,○,
28,南東北,2,どんなに活躍している日本人でも、生きている間は広辞苑に名前は載らない。,○,
28,南東北,3,世界一硬いダイヤモンド。ハンマーで叩いても割れない。,×,
28,南東北,4,犬のドーベルマンは、ドーベルマンさんが改良した犬である。,○,
28,南東北,5,レオナルド・ダ・ヴィンチの「最後の晩餐」のテーブルに並んでいる食べ物は、パンとぶどう酒だけである。,×,
28,南東北,6,一度岩場に張り付いた牡蠣は、自分の力では一生その場から離れられない。,○,
28,南東北,7,漢字の「凸」と「凹」。どちらも、子どもの名前に使うことはできない。,×,
28,富士山,1（公募）,オリンピックで日本人が取ったメダルの数が一番多い競技は柔道である。,×,
28,富士山,2,日本の国際宇宙ステーション「きぼう」の中では、日本の法律が適用される。,○,
28,富士山,3,新幹線は冷暖房が故障した場合も、特急料金の払い戻しを受けることができる。,○,
28,富士山,4,2千円札は現在製造されていない。,×,
28,富士山,5,天然のダイヤモンドは日本では取れない。,×,
28,富士山,6,大黒柱があるように、家の柱には、七福神の名前がついている柱がそれぞれある。,×,
28,富士山,7,富嶽三十六景には富士山が全て描かれている。,○,
28,関東,1（公募）,今年6月8日、北島康介が出した200メートル平泳ぎの世界新記録の速さで、たった今、ここ「西武ドーム」から北京オリンピックの開会式が行われる「国家体育場」（通称・鳥の巣）に向かって進み続けると、開会式開始までに到着することができる。,○,
28,関東,2,オリンピックで使われているハンマー投げの鉄球と砲丸投げの砲丸は全く同じ重さである。,○,
28,関東,3,地球表面の70％を占める海。太平洋はその半分以上を占める。,×,45%
28,関東,4,パトカーは取締り中であれば、いかなるところに停めても駐車違反にはならない。,×,
28,関東,5,ラッコは流されないようにこんぶを体に巻き付かせるが、つかまるところがないときは、互いの手をつかんでささえあう。,○,
28,関東,6,電車内にかざられている車内広告。日本初の車内広告は乗り物酔いの薬である。,○,
28,関東,7,かばんについているチャックは、「巾着」の「着」からその名がついた日本語である。,○,
28,南九州,1（公募）,東京上野公園の西郷隆盛の銅像は、散歩にいくシーンである。,×,ウサギ狩り
28,南九州,2,アイルランドとアイスランド。カタカナで書いても英語で書いても一文字違いである。,○,
28,南九州,3,幸福をもたらすとされる七福神は、全員中国の神様である。,×,
28,南九州,4,武道の精神を重んじる剣道では、試合中ガッツポーズをすると失格になることがある。,○,
28,南九州,5,クイズを表すアルファベット「Q」は、元素記号にも使われている。,×,
28,南九州,6,最初の日に1円、2日目に2円、3日目に4円と2倍のお金を使っていくと、31日後には1億円以上使っている。,○,
28,南九州,7,ウミガメは、海の中でも卵を産む。,×,
28,中国,1（公募）,広島といえばカキが有名ですが、世界で一番牡蠣を生産している国は中国である。,○,
28,中国,2,犬公方と呼ばれた徳川綱吉は戌年生まれである。,○,
28,中国,3,日本の台風と国際的なタイフーン。勢力がまったく同じ熱帯低気圧である。,×,
28,中国,4,昆虫の中には、口で呼吸する昆虫もいる。,×,
28,中国,5,正三角形を4つに切って組み合わせると、正方形ができる。,○,
28,中国,6,絵描きうたの絵も商標登録できる。,○,
28,中国,7,最新の広辞苑には、「めっちゃ」「イケメン」「ヤバい」の全てがのっている。,○,
28,四国岡山,1（公募）,1964年東京オリンピック以降の夏のオリンピックで、日本が獲得した金メダル数が最も多かったのはアテネ大会である。,○,
28,四国岡山,2,アナログ時計。長針、短針、秒針がちょうど三等分になる時刻は存在しない。,○,
28,四国岡山,3,どんな状況の下でうちわを使って温度計をあおいでも、目盛りは絶対に下がらない。,×,
28,四国岡山,4,レモンはミカン科の果物である。,○,
28,四国岡山,5,ホワイトハウスは、アメリカ大統領官邸の正式名称である。,○,
28,四国岡山,6,花から花へと飛び回るミツバチは、人間と同じように赤、青、黄の三原色を見分けることができる。,×,
28,四国岡山,7,白く見える塩の結晶は、やはり白い。,×,
28,北九州,1（公募）,世界の国で面積が三番目に広いのは中国である。,×,計算方法で面積が異なるので答えのない悪問
28,北九州,2,今年のオリンピック開催都市北京と最初に友好都市の関係を結んだのは、東京である,○,
28,北九州,3,赤い魚のタイでも日焼けする,○,
28,北九州,4,君たちが通学で使う自転車は、フランス生まれである。,×,
28,北九州,5,地震で埋もれた人を助ける災害救助犬は、消防庁に所属している。,×,
28,北九州,6,東日本と西日本の電気の周波数が違うのは、発電所を作ったときの会社が違ったからである。,○,
28,北九州,7,数学に初めてイコールを用いたのは、イギリスのイコール博士である,×,
28,中部,7,アメリカ大統領官邸ホワイトハウス。最初の住人は初代大統領ワシントンである。,×,
28,近畿,1（公募）,野球の夏の甲子園と高校生クイズ。二つの大会で全国制覇をした高校がある。,○,
28,近畿,2,君たちがめざすのはクイズの金メダル。金の生産量世界一は、北京五輪の開催国中国である。,○,
28,近畿,3,甲子園で先攻、後攻を決めるのは、じゃんけんである。,○,
28,近畿,4,人間のからだの水分は、一般的に男性よりも女性のほうが多い。,×,
28,近畿,5,出身大学が同じサッカー日本代表岡田監督と阪神タイガースの岡田監督は、血液型も同じである。,○,
28,近畿,6,国宝を個人で所有することはできない。,×,
28,近畿,7,総スカンのスカンとは、関西弁の「あんたスカン」のスカンに由来する。,○,
28,北東北,1（公募）,東北地方で行われる七夕行事の１つ、「ねぶた」の季語は秋である。,○,
28,北東北,2,面白いよりはるかに面白いことを、「面黒い」という。,×,
28,北東北,3,４７都道府県すべてに、国宝はある。,×,
28,北東北,4,太陽系の惑星のうち、春夏秋冬の四季があるのは地球だけである。,×,
28,北東北,5,犬も、主人の気を引くために仮病を使うことがある。,○,
28,北東北,6,日本の国会議事堂の設備は全て国産品である。,×,
28,北東北,7,一度眠りに入った冬眠中のクマは、何があっても絶対に目を覚まさない。,×,
28,北海道,1（公募）,洞爺湖サミットに参加した八カ国をＧ８といいますが、この八カ国は全て国旗に赤色を使用している。,○,
28,北海道,2,日本のお札の肖像画。福澤諭吉、樋口一葉、野口英世の３人は、生まれた年のはやい順に金額が大きい。,○,
28,北海道,3,カエデの木は、葉っぱの形がカエルの手に似ていることから、「カエデ」とその名がついた。,○,
28,北海道,4,キリスト教の祈りの言葉「アーメン」は、真実という意味である。,×,
28,北海道,5,非常口のマーク。デザインしたのは日本人である。,○,
28,北海道,6,赤外線には、遠赤外線に対して、近赤外線もある。,○,
28,北海道,7,レオナルド・ダ・ヴィンチの名画「モナ・リザ」には、指輪が描かれている。,×,
29,沖縄,1,およそ50億年前に生まれた太陽は長年燃え続けたせいで、その明るさは、誕生したときよりも今のほうが暗い。,×,太陽は誕生したときから今まで強烈な輝きを出す核融合を繰り返し、表面積が広くなるなどして誕生時より1.4倍ほど明るい。
29,沖縄,２（公募）,アオダイショウという蛇がいますが、アカダイショウという蛇もいる。,○,アカダイショウはアメリカ南東部に生息するヘビ目ナミヘビ科のヘビ。日本には生息していないが、アメリカ南東部に実在する。
29,沖縄,3,アメリカ大統領がのる飛行機はエアフォースワンといいますが、副大統領の飛行機はエアフォースツーという。,○,エアフォースワン、エアフォースツーは大統領、副大統領を乗せるための飛行機として管制塔の無線コードとして存在する
29,南東北,１（公募）,東北の武将、伊達政宗、直江兼続、上杉鷹山。３人とも、自分の名前の付いた小惑星がある。,○,小惑星、伊達政宗は１９９１年仙台の愛子観測所で小石川正弘さんによって発見、１９９５年アマチュア天文家大国富丸さんが発見。１９８１年天文家古田俊正さんによって発見された。
29,南東北,2,レッサーパンダの主食は、ジャイアントパンダと同じ笹である。,○,レッサーパンダは、たけのこ、にんじんなどを食べることもあるが、主食は笹である。
29,南東北,3,松尾芭蕉が奥の細道の旅に出て今年で３５０年になりますが、松尾芭蕉が奥の細道の旅で詠んだ全５０句のうち半分以上が宮城、山形、福島の３県で詠まれている。,×,全５０句のうち、宮城、山形、福島の３県で詠まれた句は１９句。よって半分以下となる
29,四国岡山,1,ここ愛媛県出身で、本物のオバマ大統領に会ったことのあるオバマ大統領そっくりのノッチさんが応援しています。そこで問題。アメリカ大統領夫人をファーストレディーといいますが、副大統領夫人はセカンドレディーという。,○,大統領夫人ファーストレディに対し、副大統領夫人をセカンドレディという。現在のセカンドレディはジル・ハイデン。１９７１年にジョゼフ・ハインデンと結婚した。
29,四国岡山,２（公募）,宇宙から地球に落下する隕石を最も多く所有している国はロシアである。,×,隕石を最も多く所有する国はアメリカ。
29,北九州,1,宇宙飛行士若田光一さんは九州大学出身ですが、宇宙飛行士若田さんが滞在している国際宇宙ステーションは、条件さえ揃えばここ福岡からも肉眼で見ることができる。,○,人の肉眼で見えることの限界は上空およそ1000kmまで。国際宇宙ステーションはおよそ300～400キロ上空にあるため、条件さえ整えば肉眼で見ることができる。なお、今年5/28、5/30には福岡から国際宇宙ステーションを実際に肉眼で見ることができた。
29,北九州,２(公募),公式の水泳の試合で平泳ぎの時、頭全部を水中に入れたまま泳ぎ続けてはいけない。,○,競泳規則第8条平泳ぎの7に、競技中は泳ぎのサイクルの間に頭の一部が水面上に出なければならないと定められている。よって、平泳ぎのとき潜水しつづけると規則違反になる。
29,北九州,3,夜空に輝く88星座の中に動物の名が付いた星座はあるが、植物の名がついた星座は1つもない。,○,88星座は動物の名がついたものが42、ものの名前が25、人の名前が14、場所の名前が4つあり、残る3つはさんかく、みなみさんかく、南十字であるため、植物の名前が付いた星座は1つもない。
29,北九州,4,日本の歴代内閣総理大臣を五十音順に並べたとき、最初に来るのは麻生太郎である。,×,歴代内閣総理大臣を五十音順に並べると1番最初にくるのは第47代内閣総理大臣の芦田均。2番目に麻生太郎、3番目に安倍晋三となる。
29,南九州,１（公募）,今日7月22日は悪石島で最も長く見られる皆既日食で話題になっていますが、日本最古の日食記録は、日本書記に書かれている。,○,日本最古の日食記録は日本書紀第22巻に書かれている628年4月10日に起きた日食。ちなみに、日本書紀の中には日が蝕まれて尽きたと表現されている。
29,南九州,2,第1回近代オリンピックアテネ大会は、古代オリンピック同様出場選手は男子だけだった。,○,第1回オリンピック第1回アテネ大会の出場者は欧米の14カ国から参加した男子245人。女子は参加していない。
29,南九州,3,最新のデータによると、弁護士と裁判官。女性の割合が多いのは弁護士である。,×,日本弁護士連合会の最新データによると弁護士の中の女性の割合は１５．３％。最高裁判所のデータによると裁判官の中の女性の割合は１５．４％。よって、裁判官の方が多い。
29,中国,1,都道府県名を五十音順にならべたとき、29番目にくるのは中国地方の県である（概要）,○,
29,中国,２（公募）,同じ分量、同じ温度のアイスクリームとかき氷。一般的に食べたとき冷たく感じるのはアイスクリームの方である。,×,
29,中国,3,地球の大気に最も多く含まれるのは窒素ですが、宇宙空間に最も多く含まれる元素も窒素である,×,
29,近畿,１(公募),3.14ではじまる円周率。小数点第1位から第100位までを見比べると、奇数よりも偶数のほうが多い。,○,円周率を小数点第1位から第100位まで見比べると奇数は49個、偶数は51個。
29,近畿,2,橋下徹大阪府知事には弁護士、そしてタレントという経歴がありますが、日本初のタレント国会議員は、ここ大阪が誇る笑いの殿堂、吉本興業の芸人だった。,○,日本初のタレント国会議員は戦前に活躍した吉本興業所属、演歌師の石田一松。バイオリン片手に歌う芸風で、1946年戦後初に行われた衆議院選挙に東京1区から立候補し当選。1953年までの7年間国会議員を務めた。
29,近畿,3,月面に降り立った女性はいない。,○,今まで6回月面着陸を行い月に降り立った人は12人いるが、その12人は全員男性であり、女性は1人もいない。
29,近畿,4,裸眼の視力が１．０未満の高校生の割合は、10年前より増えている。,×,文部科学省の学校保健統計調査の最新データによると裸眼の視力が１．０未満の高校生の割合は平成20年度で58%、平成10年度の割合は62.5%。10年前に比べて4.5%減っている。
29,中部,1,今年日本記録の通算安打数をこえる３０８６本目のヒットを放ったメジャーリーガーのイチロー。打ったイチローの背番号は５１ですが、打たれた投手の背番号も５１である。,○,今年４月１７日、イチロー選手に３０８６本目のヒットを打たれたロサンゼルス・エンゼルスのソーンダース投手で、背番号はイチローと同じ５１。
29,中部,２(公募),日本ではじめて地球儀を見たのは、水戸黄門でおなじみの徳川光圀である。,×,徳川光圀が生まれたのは１６２８年。それよりも前の安土桃山時代に、キリスト教の宣教師によって日本に地球儀がもたらされたという記録が残されている。ちなみに、１５８０年に織田信長が地球儀を所有していたと書かれている文献もある。
29,中部,3,現在日本で発行されている通常貨幣には、金も銀も全く使われていない。,○,１円玉はアルミニウム、５円玉は銅と亜鉛、１０円玉は銅と亜鉛と錫、５０円玉、１００円玉は銅とニッケル、５００円玉は銅と亜鉛とニッケルからできている。金と銀は全く使われていない。
29,富士山,１（公募）,アポロ１３号が打ち上げられたとき、管制塔の時刻は１３時１３分であった。,○,アポロ11号、12号についで人類3度目の月面着陸を目指したアポロ13号が打ち上げられた時、管制塔のあったテキサス州ヒューストンのジョンソン宇宙センターの時刻は偶然にも13時13分。欧米ではキリストの最後の晩餐の人数から13が縁起の悪い数字とされていて、アポロ13号も打ち上げ後酸素マスクが爆発するという事故に見舞われ、月面着陸を断念し地球へ引き返している。
29,富士山,2,去年の北京オリンピックで最も多くの金メダルを獲得したのは開催国中国である。,○,北京オリンピックで最も多くの金メダルを獲得したのは中国で５１個、２番目に多いのがアメリカで３６個、３番目ロシア２３個。日本は９個で８番目に多い。
29,関東,1,今年全世界注目の中オバマ大統領が誕生しましたが、過去43人の歴代大統領の就任演説の中で、JAPANの言葉は一度も使われたことがない。,○,
29,関東,２（公募）,ここ西武ドームを本拠地におく、埼玉西武ライオンズの渡辺久信監督の誕生日は、今日8月2日である。,○,渡辺久信監督の誕生日は1965年8月2日、今日が44歳の誕生日である。
29,関東,3,卵の賞味期限は、生で食べられる期間である。,○,食品衛生法施行規則で卵の賞味期限は生で食べることができる期間と定められている。
29,関東,4,警視庁の警官は、制服を着たままコンビニで買い物をしてはいけない。,×,警視庁の規則には、制服を着たままコンビニで買い物をしてはいけないとは定められていない。
29,関東,5,日本の高い山トップ10はすべて本州にある。,○,日本の高い山トップ１０、富士山、北岳、奥穂高岳、間ノ岳、槍ヶ岳、東岳、赤石岳、涸沢岳、北穂高岳、大喰岳はすべて本州にある。
29,北陸,1,スカイダイビングでパラシュートを開いた瞬間、落下していた体は上に跳ね上がる。,×,スカイダイビングにおける人間の落下速度は時速２００～３００ｋｍ。パラシュートが開くと落下速度は遅くなるが跳ね上がることはない。跳ね上がるシーンを見ることがあるが、あの場面は、カメラが落下しているため、相対的に体が上に跳ね上がっているように見えるだけ。
29,北陸,２（公募）,ゴジラの愛称で知られるヤンキースの松井秀喜選手は、映画でゴジラと共演したことがある。,○,
29,南東北,1,普段メガネを使っている人が宇宙飛行士になるにはコンタクトレンズに変えなければならない。,×,
29,南東北,２（公募）,ピタゴラスによって発見されたと言われる三平方の定理がありますが、四平方の定理も存在する。,,
29,北海道,１（公募）,歴代横綱で四股名に北という漢字かつく横綱は全員北海道出身である。,○,
29,北海道,2,一度裁判員を経験したら二度と選ばれることはない。,×,
29,北海道,3,ブドウは房の上の方にある粒の方が甘い,○,
29,北海道,4,フィギュアスケートとシンクロナイズドスイミング。先にオリンピックの正式種目になったのはフィギュアスケートである。,○,